id_coop|anio|ciiu|descciiu|sector|ubigeo|departamento|provincia|distrito|ventas_prom|cred_otorgado|trabajadores|anio_insc|fec_creacion
07F866F072872A3DA665309932A6D4B9|2021|1429|EXPLOTACION DE OTRAS MINAS Y CANTERAS NCP|MINERIA|211002|PUNO|SAN ANTONIO DE PUTINA|ANANEA|2970000|108.95|53|2017|20260210
25549658E8C46F8ABE7987E1571DA568|2019|6023|TRANSPORTE DE CARGA POR CARRETERA|SERVICIOS|211002|PUNO|SAN ANTONIO DE PUTINA|ANANEA|8400000|151.84|61|1993|20260210
2E8D1A29824BFA7C9151AA6E26DD512E|2022|1320|EXTRACCION DE MINERALES METALIFEROS NO FERROSOS, EXCEPTO LOS MINERALES DE URANIO Y TORIO|MINERIA|211002|PUNO|SAN ANTONIO DE PUTINA|ANANEA|11960000|705785.0|55|2012|20260210
2E8D1A29824BFA7C9151AA6E26DD512E|2020|1429|EXPLOTACION DE OTRAS MINAS Y CANTERAS NCP|MINERIA|211002|PUNO|SAN ANTONIO DE PUTINA|ANANEA|8600000|2412534.3|56|2012|20260210
2E8D1A29824BFA7C9151AA6E26DD512E|2021|1320|EXTRACCION DE MINERALES METALIFEROS NO FERROSOS, EXCEPTO LOS MINERALES DE URANIO Y TORIO|MINERIA|211002|PUNO|SAN ANTONIO DE PUTINA|ANANEA|4400|1927452.4|56|2012|20260210
3E876D66730845BD02E550EFAE6ACB12|2023|1320|EXTRACCION DE MINERALES METALIFEROS NO FERROSOS, EXCEPTO LOS MINERALES DE URANIO Y TORIO|MINERIA|211002|PUNO|SAN ANTONIO DE PUTINA|ANANEA|9900000|1.55|52|2010|20260210
428BA378F31DE7026BE48B24D37BBBEA|2024|6023|TRANSPORTE DE CARGA POR CARRETERA|SERVICIOS|211002|PUNO|SAN ANTONIO DE PUTINA|ANANEA|13390000|620625.13|58|1994|20260210
D4758868992E6D60E42B8C3E85D0D818|2020|1320|EXTRACCION DE MINERALES METALIFEROS NO FERROSOS, EXCEPTO LOS MINERALES DE URANIO Y TORIO|MINERIA|211002|PUNO|SAN ANTONIO DE PUTINA|ANANEA|5482500|60330.5|54|2002|20260210
D4758868992E6D60E42B8C3E85D0D818|2019|1320|EXTRACCION DE MINERALES METALIFEROS NO FERROSOS, EXCEPTO LOS MINERALES DE URANIO Y TORIO|MINERIA|211002|PUNO|SAN ANTONIO DE PUTINA|ANANEA|5355000|258018.95|38|2002|20260210
D86D59908AB714DFD72FCEE08768F13D|2019|6519|OTROS TIPOS DE INTERMEDIACION MONETARIA|SERVICIOS|030201|APURIMAC|ANDAHUAYLAS|ANDAHUAYLAS|16800|45.509998|130|1999|20260210
E9FD1AAD1C947AFE0DECE33D1E23E627|2022|5121|VENTA AL POR MAYOR DE MATERIAS PRIMAS AGROPECUARIAS Y DE ANIMALES VIVOS|COMERCIO|030201|APURIMAC|ANDAHUAYLAS|ANDAHUAYLAS|4600|195800.94|1|2016|20260210
E9FD1AAD1C947AFE0DECE33D1E23E627|2020|5121|VENTA AL POR MAYOR DE MATERIAS PRIMAS AGROPECUARIAS Y DE ANIMALES VIVOS|COMERCIO|030201|APURIMAC|ANDAHUAYLAS|ANDAHUAYLAS|1720000|261677.45|1|2016|20260210
E9FD1AAD1C947AFE0DECE33D1E23E627|2021|5121|VENTA AL POR MAYOR DE MATERIAS PRIMAS AGROPECUARIAS Y DE ANIMALES VIVOS|COMERCIO|030201|APURIMAC|ANDAHUAYLAS|ANDAHUAYLAS|990000|263663.22|1|2016|20260210
E9FD1AAD1C947AFE0DECE33D1E23E627|2023|5121|VENTA AL POR MAYOR DE MATERIAS PRIMAS AGROPECUARIAS Y DE ANIMALES VIVOS|COMERCIO|030201|APURIMAC|ANDAHUAYLAS|ANDAHUAYLAS|4950|66611.047|1|2016|20260210
2104DD408FA676FE2105EBA21F070528|2023|6519|OTROS TIPOS DE INTERMEDIACION MONETARIA|SERVICIOS|040101|AREQUIPA|AREQUIPA|AREQUIPA|84150|205.62|11|2005|20260210
2FAA344966346C192EE4AB86CC46082E|2023|6599|OTROS TIPOS DE INTERMEDIACION FINANCIERA NCP|SERVICIOS|040101|AREQUIPA|AREQUIPA|AREQUIPA|24750000|7407785.5|196|2015|20260210
2FAA344966346C192EE4AB86CC46082E|2020|6599|OTROS TIPOS DE INTERMEDIACION FINANCIERA NCP|SERVICIOS|040101|AREQUIPA|AREQUIPA|AREQUIPA|163400|1900.97|245|2015|20260210
2FAA344966346C192EE4AB86CC46082E|2022|6599|OTROS TIPOS DE INTERMEDIACION FINANCIERA NCP|SERVICIOS|040101|AREQUIPA|AREQUIPA|AREQUIPA|23000000|3803.53|230|2015|20260210
2FAA344966346C192EE4AB86CC46082E|2019|6599|OTROS TIPOS DE INTERMEDIACION FINANCIERA NCP|SERVICIOS|040101|AREQUIPA|AREQUIPA|AREQUIPA|264600|3722.71|236|2015|20260210
2FAA344966346C192EE4AB86CC46082E|2024|6599|OTROS TIPOS DE INTERMEDIACION FINANCIERA NCP|SERVICIOS|040101|AREQUIPA|AREQUIPA|AREQUIPA|25750000|2418258.5|200|2015|20260210
2FAA344966346C192EE4AB86CC46082E|2021|6599|OTROS TIPOS DE INTERMEDIACION FINANCIERA NCP|SERVICIOS|040101|AREQUIPA|AREQUIPA|AREQUIPA|167200|5836911.5|240|2015|20260210
67EAE402DED0F874702269B91BA0A753|2022|6519|OTROS TIPOS DE INTERMEDIACION MONETARIA|SERVICIOS|040101|AREQUIPA|AREQUIPA|AREQUIPA|4600|34.599998|1|2021|20260210
8DE634AAD1A6DA4FFBB79472B3528A22|2020|6599|OTROS TIPOS DE INTERMEDIACION FINANCIERA NCP|SERVICIOS|040101|AREQUIPA|AREQUIPA|AREQUIPA|4300|751757.0|62|2012|20260210
8DE634AAD1A6DA4FFBB79472B3528A22|2023|6599|OTROS TIPOS DE INTERMEDIACION FINANCIERA NCP|SERVICIOS|040101|AREQUIPA|AREQUIPA|AREQUIPA|4950|787500.0|1|2012|20260210
8DE634AAD1A6DA4FFBB79472B3528A22|2022|6599|OTROS TIPOS DE INTERMEDIACION FINANCIERA NCP|SERVICIOS|040101|AREQUIPA|AREQUIPA|AREQUIPA|174800|750000.0|1|2012|20260210
8DE634AAD1A6DA4FFBB79472B3528A22|2021|6599|OTROS TIPOS DE INTERMEDIACION FINANCIERA NCP|SERVICIOS|040101|AREQUIPA|AREQUIPA|AREQUIPA|4400|750907.0|34|2012|20260210
8DE634AAD1A6DA4FFBB79472B3528A22|2024|6599|OTROS TIPOS DE INTERMEDIACION FINANCIERA NCP|SERVICIOS|040101|AREQUIPA|AREQUIPA|AREQUIPA|5150|750000.0|1|2012|20260210
A0C7DE51278588CE785D50F417554325|2022|6599|OTROS TIPOS DE INTERMEDIACION FINANCIERA NCP|SERVICIOS|040101|AREQUIPA|AREQUIPA|AREQUIPA|4600|49284.051|1|2012|20260210
A0C7DE51278588CE785D50F417554325|2020|6599|OTROS TIPOS DE INTERMEDIACION FINANCIERA NCP|SERVICIOS|040101|AREQUIPA|AREQUIPA|AREQUIPA|4300|104804.05|1|2012|20260210
A0C7DE51278588CE785D50F417554325|2021|6599|OTROS TIPOS DE INTERMEDIACION FINANCIERA NCP|SERVICIOS|040101|AREQUIPA|AREQUIPA|AREQUIPA|4400|101487.09|1|2012|20260210
A0C7DE51278588CE785D50F417554325|2023|6599|OTROS TIPOS DE INTERMEDIACION FINANCIERA NCP|SERVICIOS|040101|AREQUIPA|AREQUIPA|AREQUIPA|4950|105340.23|1|2012|20260210
A0C7DE51278588CE785D50F417554325|2024|6599|OTROS TIPOS DE INTERMEDIACION FINANCIERA NCP|SERVICIOS|040101|AREQUIPA|AREQUIPA|AREQUIPA|5150|127585.64|1|2012|20260210
D07C7A2FBF5B83E7484DFCB30078B215|2021|6519|OTROS TIPOS DE INTERMEDIACION MONETARIA|SERVICIOS|040101|AREQUIPA|AREQUIPA|AREQUIPA|4400|28757.48|24|2018|20260210
D07C7A2FBF5B83E7484DFCB30078B215|2022|6519|OTROS TIPOS DE INTERMEDIACION MONETARIA|SERVICIOS|040101|AREQUIPA|AREQUIPA|AREQUIPA|404800|15889.89|5|2018|20260210
D07C7A2FBF5B83E7484DFCB30078B215|2024|6519|OTROS TIPOS DE INTERMEDIACION MONETARIA|SERVICIOS|040101|AREQUIPA|AREQUIPA|AREQUIPA|5150|15889.89|1|2018|20260210
D07C7A2FBF5B83E7484DFCB30078B215|2020|6519|OTROS TIPOS DE INTERMEDIACION MONETARIA|SERVICIOS|040101|AREQUIPA|AREQUIPA|AREQUIPA|4300|30467.48|19|2018|20260210
D07C7A2FBF5B83E7484DFCB30078B215|2023|6519|OTROS TIPOS DE INTERMEDIACION MONETARIA|SERVICIOS|040101|AREQUIPA|AREQUIPA|AREQUIPA|435600|16207.69|1|2018|20260210
E0568818F01B81079BEA1D71B2554C54|2023|6599|OTROS TIPOS DE INTERMEDIACION FINANCIERA NCP|SERVICIOS|040101|AREQUIPA|AREQUIPA|AREQUIPA|4950|162.3|1|2014|20260210
E0568818F01B81079BEA1D71B2554C54|2024|6599|OTROS TIPOS DE INTERMEDIACION FINANCIERA NCP|SERVICIOS|040101|AREQUIPA|AREQUIPA|AREQUIPA|5150|73.150002|1|2014|20260210
E92F277EBE5B59754DBD852C255EAF8E|2023|6599|OTROS TIPOS DE INTERMEDIACION FINANCIERA NCP|SERVICIOS|040101|AREQUIPA|AREQUIPA|AREQUIPA|100237504|2349165.0|901|2013|20260210
E92F277EBE5B59754DBD852C255EAF8E|2022|6599|OTROS TIPOS DE INTERMEDIACION FINANCIERA NCP|SERVICIOS|040101|AREQUIPA|AREQUIPA|AREQUIPA|93150000|5381831.5|852|2013|20260210
E92F277EBE5B59754DBD852C255EAF8E|2024|6599|OTROS TIPOS DE INTERMEDIACION FINANCIERA NCP|SERVICIOS|040101|AREQUIPA|AREQUIPA|AREQUIPA|104287504|377719.38|1013|2013|20260210
E92F277EBE5B59754DBD852C255EAF8E|2021|6599|OTROS TIPOS DE INTERMEDIACION FINANCIERA NCP|SERVICIOS|040101|AREQUIPA|AREQUIPA|AREQUIPA|387200|7751156.5|737|2013|20260210
E92F277EBE5B59754DBD852C255EAF8E|2020|6599|OTROS TIPOS DE INTERMEDIACION FINANCIERA NCP|SERVICIOS|040101|AREQUIPA|AREQUIPA|AREQUIPA|378400|8528717.0|591|2013|20260210
0D56FEFE2C6389B972C5CA48264CC8DC|2020|7513|REGULACION Y FACILITACION DE LA ACTIVIDAD ECONOMICA|SERVICIOS|050101|AYACUCHO|HUAMANGA|AYACUCHO|4300|3457832.0|1|1993|20260210
0D56FEFE2C6389B972C5CA48264CC8DC|2021|7513|REGULACION Y FACILITACION DE LA ACTIVIDAD ECONOMICA|SERVICIOS|050101|AYACUCHO|HUAMANGA|AYACUCHO|4400|2252696.0|1|1993|20260210
0D56FEFE2C6389B972C5CA48264CC8DC|2022|7513|REGULACION Y FACILITACION DE LA ACTIVIDAD ECONOMICA|SERVICIOS|050101|AYACUCHO|HUAMANGA|AYACUCHO|4600|582393.44|1|1993|20260210
1B2E1B3979CE7FA111BA4F07A842809B|2023|6599|OTROS TIPOS DE INTERMEDIACION FINANCIERA NCP|SERVICIOS|050101|AYACUCHO|HUAMANGA|AYACUCHO|6311250|342756.63|77|2011|20260210
A1D3639FEA329B6CEC9739C1952B7B59|2022|9111|ACTIVIDADES DE ORGANIZACIONES EMPRESARIALES Y DE EMPLEADORES|SERVICIOS|050101|AYACUCHO|HUAMANGA|AYACUCHO|4600|117.11|1|2022|20260210
ABAF1883651916492B6CE4FD8A880EBC|2021|6519|OTROS TIPOS DE INTERMEDIACION MONETARIA|SERVICIOS|050101|AYACUCHO|HUAMANGA|AYACUCHO|277200|6706.8901|437|1993|20260210
ABAF1883651916492B6CE4FD8A880EBC|2019|6599|OTROS TIPOS DE INTERMEDIACION FINANCIERA NCP|SERVICIOS|050101|AYACUCHO|HUAMANGA|AYACUCHO|10920000|347.60001|364|1993|20260210
ABAF1883651916492B6CE4FD8A880EBC|2024|6519|OTROS TIPOS DE INTERMEDIACION MONETARIA|SERVICIOS|050101|AYACUCHO|HUAMANGA|AYACUCHO|56650000|6352.46|481|1993|20260210
ABAF1883651916492B6CE4FD8A880EBC|2020|6599|OTROS TIPOS DE INTERMEDIACION FINANCIERA NCP|SERVICIOS|050101|AYACUCHO|HUAMANGA|AYACUCHO|5482500|3240.23|363|1993|20260210
ABAF1883651916492B6CE4FD8A880EBC|2022|6519|OTROS TIPOS DE INTERMEDIACION MONETARIA|SERVICIOS|050101|AYACUCHO|HUAMANGA|AYACUCHO|93150000|1019.86|484|1993|20260210
AC6C0B1ED4A17497C2FB0D371B547F8F|2021|0111|CULTIVO DE CEREALES Y OTROS CULTIVOS NCP|AGROPECUARIO|050101|AYACUCHO|HUAMANGA|AYACUCHO|167200|79.440002|8|2013|20260210
B1DE9CDAF489E642C338D2B9C62D0A0C|2022|6519|OTROS TIPOS DE INTERMEDIACION MONETARIA|SERVICIOS|050101|AYACUCHO|HUAMANGA|AYACUCHO|1840000|101.3|27|2015|20260210
96C1E05627968F9615BE645FE2A8A3F4|2020|4010|GENERACION, CAPTACION Y DISTRIBUCION DE ENERGIA ELECTRICA|SERVICIOS|210303|PUNO|CARABAYA|AYAPATA|73100|215.46001|1|2001|20260210
9C3623CBB89EF8EEECC993C1E6BD72C4|2021|6592|OTROS TIPOS DE CREDITO|SERVICIOS|210303|PUNO|CARABAYA|AYAPATA|4400|591490.38|34|2008|20260210
9C3623CBB89EF8EEECC993C1E6BD72C4|2024|6592|OTROS TIPOS DE CREDITO|SERVICIOS|210303|PUNO|CARABAYA|AYAPATA|5150|482842.38|4|2008|20260210
9C3623CBB89EF8EEECC993C1E6BD72C4|2020|6592|OTROS TIPOS DE CREDITO|SERVICIOS|210303|PUNO|CARABAYA|AYAPATA|4300|591423.06|26|2008|20260210
9C3623CBB89EF8EEECC993C1E6BD72C4|2023|6592|OTROS TIPOS DE CREDITO|SERVICIOS|210303|PUNO|CARABAYA|AYAPATA|4950|533120.56|6|2008|20260210
9C3623CBB89EF8EEECC993C1E6BD72C4|2022|6592|OTROS TIPOS DE CREDITO|SERVICIOS|210303|PUNO|CARABAYA|AYAPATA|4600|562077.38|1|2008|20260210
047A64504B7698937406F5C386195185|2022|0113|CULTIVO DE FRUTAS, NUECES, PLANTAS CUYAS HOJAS O FRUTAS SE UTILIZAN PARA PREPARAR BEBIDAS, Y ESPECIAS|AGROPECUARIO|010701|AMAZONAS|UTCUBAMBA|BAGUA GRANDE|9200000|3368389.5|21|1993|20260210
047A64504B7698937406F5C386195185|2020|9309|OTRAS ACTIVIDADES DE SERVICIOS NCP|SERVICIOS|010701|AMAZONAS|UTCUBAMBA|BAGUA GRANDE|8600000|4149823.0|19|1993|20260210
047A64504B7698937406F5C386195185|2021|0113|CULTIVO DE FRUTAS, NUECES, PLANTAS CUYAS HOJAS O FRUTAS SE UTILIZAN PARA PREPARAR BEBIDAS, Y ESPECIAS|AGROPECUARIO|010701|AMAZONAS|UTCUBAMBA|BAGUA GRANDE|4400|4264864.5|20|1993|20260210
047A64504B7698937406F5C386195185|2019|0113|CULTIVO DE FRUTAS, NUECES, PLANTAS CUYAS HOJAS O FRUTAS SE UTILIZAN PARA PREPARAR BEBIDAS, Y ESPECIAS|AGROPECUARIO|010701|AMAZONAS|UTCUBAMBA|BAGUA GRANDE|8400000|3242661.0|19|1993|20260210
3FCE6EC01E0CF04C8771428103C7540B|2024|8090|ENSEÑANZA DE ADULTOS Y OTROS TIPOS DE ENSEÑANZA|SERVICIOS|010701|AMAZONAS|UTCUBAMBA|BAGUA GRANDE|1158750|70121.156|21|2022|20260210
285A45C60790C9A7CAEBCB2DAB79279B|2024|5121|VENTA AL POR MAYOR DE MATERIAS PRIMAS AGROPECUARIAS Y DE ANIMALES VIVOS|COMERCIO|220201|SAN MARTIN|BELLAVISTA|BELLAVISTA|25750000|413640.03|3|2018|20260210
285A45C60790C9A7CAEBCB2DAB79279B|2023|5121|VENTA AL POR MAYOR DE MATERIAS PRIMAS AGROPECUARIAS Y DE ANIMALES VIVOS|COMERCIO|220201|SAN MARTIN|BELLAVISTA|BELLAVISTA|12870000|52932.359|6|2018|20260210
394880B5DE77D0D1C073EE4D206C933E|2019|0111|CULTIVO DE CEREALES Y OTROS CULTIVOS NCP|AGROPECUARIO|220201|SAN MARTIN|BELLAVISTA|BELLAVISTA|13440000|250000.0|14|2012|20260210
394880B5DE77D0D1C073EE4D206C933E|2023|0111|CULTIVO DE CEREALES Y OTROS CULTIVOS NCP|AGROPECUARIO|220201|SAN MARTIN|BELLAVISTA|BELLAVISTA|9900000|302559.03|1|2012|20260210
394880B5DE77D0D1C073EE4D206C933E|2021|0111|CULTIVO DE CEREALES Y OTROS CULTIVOS NCP|AGROPECUARIO|220201|SAN MARTIN|BELLAVISTA|BELLAVISTA|14080000|831571.19|18|2012|20260210
394880B5DE77D0D1C073EE4D206C933E|2024|0111|CULTIVO DE CEREALES Y OTROS CULTIVOS NCP|AGROPECUARIO|220201|SAN MARTIN|BELLAVISTA|BELLAVISTA|6566250|238818.59|10|2012|20260210
394880B5DE77D0D1C073EE4D206C933E|2020|0111|CULTIVO DE CEREALES Y OTROS CULTIVOS NCP|AGROPECUARIO|220201|SAN MARTIN|BELLAVISTA|BELLAVISTA|13760000|84793.797|13|2012|20260210
394880B5DE77D0D1C073EE4D206C933E|2022|0111|CULTIVO DE CEREALES Y OTROS CULTIVOS NCP|AGROPECUARIO|220201|SAN MARTIN|BELLAVISTA|BELLAVISTA|11960000|917763.19|16|2012|20260210
7F4C54F853E96228298C57AFBB243534|2021|5252|VENTA AL POR MENOR EN PUESTOS DE VENTA Y MERCADOS|COMERCIO|150105|LIMA|LIMA|BREÑA|277200|65.639999|15|1993|20260210
7F4C54F853E96228298C57AFBB243534|2022|5252|VENTA AL POR MENOR EN PUESTOS DE VENTA Y MERCADOS|COMERCIO|150105|LIMA|LIMA|BREÑA|404800|52.509998|14|1993|20260210
AA5833BFC24D2D63963ABD57B5EE481C|2021|1730|FABRICACION DE TEJIDOS Y ARTICULOS DE PUNTO Y GANCHILLO|MANUFACTURA|150105|LIMA|LIMA|BREÑA|5610000|595440.75|63|1993|20260210
AA5833BFC24D2D63963ABD57B5EE481C|2020|1730|FABRICACION DE TEJIDOS Y ARTICULOS DE PUNTO Y GANCHILLO|MANUFACTURA|150105|LIMA|LIMA|BREÑA|2902500|592393.63|44|1993|20260210
AA5833BFC24D2D63963ABD57B5EE481C|2023|1730|FABRICACION DE TEJIDOS Y ARTICULOS DE PUNTO Y GANCHILLO|MANUFACTURA|150105|LIMA|LIMA|BREÑA|6311250|301738.63|67|1993|20260210
AA5833BFC24D2D63963ABD57B5EE481C|2024|1730|FABRICACION DE TEJIDOS Y ARTICULOS DE PUNTO Y GANCHILLO|MANUFACTURA|150105|LIMA|LIMA|BREÑA|6566250|100326.63|84|1993|20260210
AA5833BFC24D2D63963ABD57B5EE481C|2022|1730|FABRICACION DE TEJIDOS Y ARTICULOS DE PUNTO Y GANCHILLO|MANUFACTURA|150105|LIMA|LIMA|BREÑA|9200000|492905.81|71|1993|20260210
352D4865856DC358879CDA73EF7241A0|2023|0130|CULTIVO DE PRODUCTOS AGRICOLAS EN COMBINACION CON LA CRIA DE ANIMALES (EXPLOTACION MIXTA)|AGROPECUARIO|211102|PUNO|SAN ROMAN|CABANA|3341250|53.09|22|2011|20260210
35723649E61E29CC8B85B692BC4B607E|2020|0111|CULTIVO DE CEREALES Y OTROS CULTIVOS NCP|AGROPECUARIO|211102|PUNO|SAN ROMAN|CABANA|2902500|12.16|2|2015|20260210
2403757972EE2CB6B86AB455142F7BDD|2023|6592|OTROS TIPOS DE CREDITO|SERVICIOS|060101|CAJAMARCA|CAJAMARCA|CAJAMARCA|4950|407.23999|1|2012|20260210
2403757972EE2CB6B86AB455142F7BDD|2022|6592|OTROS TIPOS DE CREDITO|SERVICIOS|060101|CAJAMARCA|CAJAMARCA|CAJAMARCA|41400|24.969999|1|2012|20260210
563ADB8EA64B6D0AD7A3DFFA8CBD40F9|2024|6519|OTROS TIPOS DE INTERMEDIACION MONETARIA|SERVICIOS|060101|CAJAMARCA|CAJAMARCA|CAJAMARCA|46350|104.35|1|2018|20260210
9517E9E8B59D2A9C7388D77A18D3F6EB|2023|1520|ELABORACION DE PRODUCTOS LACTEOS|MANUFACTURA|060101|CAJAMARCA|CAJAMARCA|CAJAMARCA|4950|53.509998|1|2023|20260210
BA8E2B82DAF0B425F368D3C5FC0B71E7|2019|0111|CULTIVO DE CEREALES Y OTROS CULTIVOS NCP|AGROPECUARIO|060101|CAJAMARCA|CAJAMARCA|CAJAMARCA|4200|11.62|1|2017|20260210
FA3F079AC90289A412FEF5C9F1A4CF57|2022|0140|ACTIVIDADES DE SERVICIOS AGRICOLAS Y GANADEROS, EXCEPTO LAS ACTIVIDADES VETERINARIAS|AGROPECUARIO|060101|CAJAMARCA|CAJAMARCA|CAJAMARCA|4600|52.509998|1|2020|20260210
52453597C6FE6507CF985B20C9D3F97E|2024|6519|OTROS TIPOS DE INTERMEDIACION MONETARIA|SERVICIOS|070101|CALLAO|CALLAO|CALLAO|13390000|829.17999|65|1993|20260210
52453597C6FE6507CF985B20C9D3F97E|2023|6519|OTROS TIPOS DE INTERMEDIACION MONETARIA|SERVICIOS|070101|CALLAO|CALLAO|CALLAO|12870000|1011457.0|57|1993|20260210
52453597C6FE6507CF985B20C9D3F97E|2022|6519|OTROS TIPOS DE INTERMEDIACION MONETARIA|SERVICIOS|070101|CALLAO|CALLAO|CALLAO|9200000|861608.69|59|1993|20260210
CF5D955B0DE855E637BA27D143349FD1|2024|6599|OTROS TIPOS DE INTERMEDIACION FINANCIERA NCP|SERVICIOS|070101|CALLAO|CALLAO|CALLAO|324450|181.75|15|1993|20260210
D86966777C1888F8D98CF8C85AE13428|2023|6519|OTROS TIPOS DE INTERMEDIACION MONETARIA|SERVICIOS|070101|CALLAO|CALLAO|CALLAO|4950|87.110001|1|2018|20260210
D86966777C1888F8D98CF8C85AE13428|2024|6519|OTROS TIPOS DE INTERMEDIACION MONETARIA|SERVICIOS|070101|CALLAO|CALLAO|CALLAO|5150|59.150002|1|2018|20260210
53FE045A8BF3B61D2AA8BFAD3A3C17B0|2022|1513|ELABORACION Y CONSERVACION DE FRUTAS, LEGUMBRES Y HORTALIZAS|MANUFACTURA|220504|SAN MARTIN|LAMAS|CAYNARACHI|9200000|970835.19|33|2005|20260210
53FE045A8BF3B61D2AA8BFAD3A3C17B0|2021|1513|ELABORACION Y CONSERVACION DE FRUTAS, LEGUMBRES Y HORTALIZAS|MANUFACTURA|220504|SAN MARTIN|LAMAS|CAYNARACHI|39600|1125910.5|30|2005|20260210
53FE045A8BF3B61D2AA8BFAD3A3C17B0|2020|0140|ACTIVIDADES DE SERVICIOS AGRICOLAS Y GANADEROS, EXCEPTO LAS ACTIVIDADES VETERINARIAS|AGROPECUARIO|220504|SAN MARTIN|LAMAS|CAYNARACHI|4300|1125150.3|33|2005|20260210
53FE045A8BF3B61D2AA8BFAD3A3C17B0|2019|1513|ELABORACION Y CONSERVACION DE FRUTAS, LEGUMBRES Y HORTALIZAS|MANUFACTURA|220504|SAN MARTIN|LAMAS|CAYNARACHI|4200|9.6099997|30|2005|20260210
53FE045A8BF3B61D2AA8BFAD3A3C17B0|2023|1513|ELABORACION Y CONSERVACION DE FRUTAS, LEGUMBRES Y HORTALIZAS|MANUFACTURA|220504|SAN MARTIN|LAMAS|CAYNARACHI|6311250|598375.25|40|2005|20260210
53FE045A8BF3B61D2AA8BFAD3A3C17B0|2024|1513|ELABORACION Y CONSERVACION DE FRUTAS, LEGUMBRES Y HORTALIZAS|MANUFACTURA|220504|SAN MARTIN|LAMAS|CAYNARACHI|6566250|408830.63|39|2005|20260210
B5167577B2839BB10A46BF98E86C7309|2019|5121|VENTA AL POR MAYOR DE MATERIAS PRIMAS AGROPECUARIAS Y DE ANIMALES VIVOS|COMERCIO|220504|SAN MARTIN|LAMAS|CAYNARACHI|159600|98.449997|23|2015|20260210
B5167577B2839BB10A46BF98E86C7309|2021|5121|VENTA AL POR MAYOR DE MATERIAS PRIMAS AGROPECUARIAS Y DE ANIMALES VIVOS|COMERCIO|220504|SAN MARTIN|LAMAS|CAYNARACHI|4400|38.5|1|2015|20260210
B5167577B2839BB10A46BF98E86C7309|2020|5121|VENTA AL POR MAYOR DE MATERIAS PRIMAS AGROPECUARIAS Y DE ANIMALES VIVOS|COMERCIO|220504|SAN MARTIN|LAMAS|CAYNARACHI|537500|25.75|24|2015|20260210
7B393B09141365E010C8D017CA34BBED|2021|6519|OTROS TIPOS DE INTERMEDIACION MONETARIA|SERVICIOS|040104|AREQUIPA|AREQUIPA|CERRO COLORADO|4400|66.239998|10|2018|20260210
E1FF405ECFCF60EB834DF40EB0177B90|2021|6519|OTROS TIPOS DE INTERMEDIACION MONETARIA|SERVICIOS|040104|AREQUIPA|AREQUIPA|CERRO COLORADO|4400|65.019997|7|2016|20260210
DBFE4A2D97A78C6DE171DDB92AEEE64A|2020|8022|ENSEÑANZA SECUNDARIA DE FORMACION TECNICA Y PROFESIONAL|SERVICIOS|010101|AMAZONAS|CHACHAPOYAS|CHACHAPOYAS|4300|13274.26|1|2016|20260210
F177D7E3C464FC43AA16E82127EAF8E3|2022|0130|CULTIVO DE PRODUCTOS AGRICOLAS EN COMBINACION CON LA CRIA DE ANIMALES (EXPLOTACION MIXTA)|AGROPECUARIO|010101|AMAZONAS|CHACHAPOYAS|CHACHAPOYAS|23000000|29619.16|16|2017|20260210
F177D7E3C464FC43AA16E82127EAF8E3|2020|0130|CULTIVO DE PRODUCTOS AGRICOLAS EN COMBINACION CON LA CRIA DE ANIMALES (EXPLOTACION MIXTA)|AGROPECUARIO|010101|AMAZONAS|CHACHAPOYAS|CHACHAPOYAS|2902500|117590.23|3|2017|20260210
F177D7E3C464FC43AA16E82127EAF8E3|2021|0130|CULTIVO DE PRODUCTOS AGRICOLAS EN COMBINACION CON LA CRIA DE ANIMALES (EXPLOTACION MIXTA)|AGROPECUARIO|010101|AMAZONAS|CHACHAPOYAS|CHACHAPOYAS|4400|83545.328|14|2017|20260210
271E96153EAAF0C0FE77198AC1B6B6AA|2020|6519|OTROS TIPOS DE INTERMEDIACION MONETARIA|SERVICIOS|120301|JUNIN|CHANCHAMAYO|CHANCHAMAYO|4300|30227.0|80|2016|20260210
271E96153EAAF0C0FE77198AC1B6B6AA|2022|6519|OTROS TIPOS DE INTERMEDIACION MONETARIA|SERVICIOS|120301|JUNIN|CHANCHAMAYO|CHANCHAMAYO|3105000|110973.1|81|2016|20260210
271E96153EAAF0C0FE77198AC1B6B6AA|2019|6519|OTROS TIPOS DE INTERMEDIACION MONETARIA|SERVICIOS|120301|JUNIN|CHANCHAMAYO|CHANCHAMAYO|4200|92555.172|73|2016|20260210
271E96153EAAF0C0FE77198AC1B6B6AA|2021|6519|OTROS TIPOS DE INTERMEDIACION MONETARIA|SERVICIOS|120301|JUNIN|CHANCHAMAYO|CHANCHAMAYO|4400|20393.811|77|2016|20260210
4CEF6B3ED69AB113FE2E83E6AA6EFA33|2020|5190|VENTA AL POR MAYOR DE OTROS PRODUCTOS|COMERCIO|120301|JUNIN|CHANCHAMAYO|CHANCHAMAYO|4300|1331064.0|1|2008|20260210
4CEF6B3ED69AB113FE2E83E6AA6EFA33|2019|5190|VENTA AL POR MAYOR DE OTROS PRODUCTOS|COMERCIO|120301|JUNIN|CHANCHAMAYO|CHANCHAMAYO|4200|665532.0|1|2008|20260210
4CEF6B3ED69AB113FE2E83E6AA6EFA33|2022|5190|VENTA AL POR MAYOR DE OTROS PRODUCTOS|COMERCIO|120301|JUNIN|CHANCHAMAYO|CHANCHAMAYO|4600|665532.0|1|2008|20260210
4CEF6B3ED69AB113FE2E83E6AA6EFA33|2024|5190|VENTA AL POR MAYOR DE OTROS PRODUCTOS|COMERCIO|120301|JUNIN|CHANCHAMAYO|CHANCHAMAYO|5150|665532.0|1|2008|20260210
4CEF6B3ED69AB113FE2E83E6AA6EFA33|2023|5190|VENTA AL POR MAYOR DE OTROS PRODUCTOS|COMERCIO|120301|JUNIN|CHANCHAMAYO|CHANCHAMAYO|4950|1331064.0|1|2008|20260210
4CEF6B3ED69AB113FE2E83E6AA6EFA33|2021|5190|VENTA AL POR MAYOR DE OTROS PRODUCTOS|COMERCIO|120301|JUNIN|CHANCHAMAYO|CHANCHAMAYO|4400|1331064.0|1|2008|20260210
6CB673AEE729EF774D41C9F41DE88550|2024|5252|VENTA AL POR MENOR EN PUESTOS DE VENTA Y MERCADOS|COMERCIO|120301|JUNIN|CHANCHAMAYO|CHANCHAMAYO|5150|330.88|1|2018|20260210
7DDD1C937578DE9F2578084A9A39FC12|2021|5121|VENTA AL POR MAYOR DE MATERIAS PRIMAS AGROPECUARIAS Y DE ANIMALES VIVOS|COMERCIO|120301|JUNIN|CHANCHAMAYO|CHANCHAMAYO|4400|415002.84|1|1993|20260210
7DDD1C937578DE9F2578084A9A39FC12|2020|5121|VENTA AL POR MAYOR DE MATERIAS PRIMAS AGROPECUARIAS Y DE ANIMALES VIVOS|COMERCIO|120301|JUNIN|CHANCHAMAYO|CHANCHAMAYO|4300|376906.28|1|1993|20260210
7DDD1C937578DE9F2578084A9A39FC12|2024|5121|VENTA AL POR MAYOR DE MATERIAS PRIMAS AGROPECUARIAS Y DE ANIMALES VIVOS|COMERCIO|120301|JUNIN|CHANCHAMAYO|CHANCHAMAYO|5150|391791.0|1|1993|20260210
7DDD1C937578DE9F2578084A9A39FC12|2022|5121|VENTA AL POR MAYOR DE MATERIAS PRIMAS AGROPECUARIAS Y DE ANIMALES VIVOS|COMERCIO|120301|JUNIN|CHANCHAMAYO|CHANCHAMAYO|4600|396995.44|1|1993|20260210
7DDD1C937578DE9F2578084A9A39FC12|2023|5121|VENTA AL POR MAYOR DE MATERIAS PRIMAS AGROPECUARIAS Y DE ANIMALES VIVOS|COMERCIO|120301|JUNIN|CHANCHAMAYO|CHANCHAMAYO|4950|386066.09|1|1993|20260210
7DF92D88F01BAC4DD34156D8512392CC|2023|6599|OTROS TIPOS DE INTERMEDIACION FINANCIERA NCP|SERVICIOS|120301|JUNIN|CHANCHAMAYO|CHANCHAMAYO|6311250|910.78003|29|2003|20260210
7DF92D88F01BAC4DD34156D8512392CC|2022|6599|OTROS TIPOS DE INTERMEDIACION FINANCIERA NCP|SERVICIOS|120301|JUNIN|CHANCHAMAYO|CHANCHAMAYO|575000|60.549999|38|2003|20260210
7DF92D88F01BAC4DD34156D8512392CC|2024|6599|OTROS TIPOS DE INTERMEDIACION FINANCIERA NCP|SERVICIOS|120301|JUNIN|CHANCHAMAYO|CHANCHAMAYO|5150|485.69|1|2003|20260210
BF5F689AF97A848895A2B84459EB75F9|2022|0111|CULTIVO DE CEREALES Y OTROS CULTIVOS NCP|AGROPECUARIO|120301|JUNIN|CHANCHAMAYO|CHANCHAMAYO|174800|1126701.4|8|1993|20260210
BF5F689AF97A848895A2B84459EB75F9|2021|0111|CULTIVO DE CEREALES Y OTROS CULTIVOS NCP|AGROPECUARIO|120301|JUNIN|CHANCHAMAYO|CHANCHAMAYO|4400|1845077.1|7|1993|20260210
BF5F689AF97A848895A2B84459EB75F9|2019|0111|CULTIVO DE CEREALES Y OTROS CULTIVOS NCP|AGROPECUARIO|120301|JUNIN|CHANCHAMAYO|CHANCHAMAYO|5355000|1050193.3|13|1993|20260210
BF5F689AF97A848895A2B84459EB75F9|2020|0111|CULTIVO DE CEREALES Y OTROS CULTIVOS NCP|AGROPECUARIO|120301|JUNIN|CHANCHAMAYO|CHANCHAMAYO|98900|1755546.1|1|1993|20260210
D75AD3C65AFCD680E746D3FE01EC5BFB|2024|0111|CULTIVO DE CEREALES Y OTROS CULTIVOS NCP|AGROPECUARIO|120301|JUNIN|CHANCHAMAYO|CHANCHAMAYO|324450|119.16|1|2021|20260210
D75AD3C65AFCD680E746D3FE01EC5BFB|2022|0111|CULTIVO DE CEREALES Y OTROS CULTIVOS NCP|AGROPECUARIO|120301|JUNIN|CHANCHAMAYO|CHANCHAMAYO|575000|35.630001|1|2021|20260210
D75AD3C65AFCD680E746D3FE01EC5BFB|2021|0113|CULTIVO DE FRUTAS, NUECES, PLANTAS CUYAS HOJAS O FRUTAS SE UTILIZAN PARA PREPARAR BEBIDAS, Y ESPECIAS|AGROPECUARIO|120301|JUNIN|CHANCHAMAYO|CHANCHAMAYO|4400|57.009998|1|2021|20260210
562FFEF36175BE9BBDA22EFB46EB117D|2022|0111|CULTIVO DE CEREALES Y OTROS CULTIVOS NCP|AGROPECUARIO|130401|LA LIBERTAD|CHEPEN|CHEPEN|4600|234053.09|1|2013|20260210
562FFEF36175BE9BBDA22EFB46EB117D|2021|0111|CULTIVO DE CEREALES Y OTROS CULTIVOS NCP|AGROPECUARIO|130401|LA LIBERTAD|CHEPEN|CHEPEN|4400|468106.19|1|2013|20260210
562FFEF36175BE9BBDA22EFB46EB117D|2020|0111|CULTIVO DE CEREALES Y OTROS CULTIVOS NCP|AGROPECUARIO|130401|LA LIBERTAD|CHEPEN|CHEPEN|270900|727241.69|1|2013|20260210
562FFEF36175BE9BBDA22EFB46EB117D|2019|0111|CULTIVO DE CEREALES Y OTROS CULTIVOS NCP|AGROPECUARIO|130401|LA LIBERTAD|CHEPEN|CHEPEN|5355000|363620.84|2|2013|20260210
8D419B321958B4812ACC536FEF44472A|2024|0112|CULTIVO DE HORTALIZAS Y LEGUMBRES, ESPECIALIDADES HORTICOLAS Y PRODUCTOS DE VIVERO|AGROPECUARIO|130401|LA LIBERTAD|CHEPEN|CHEPEN|3476250|18038.359|6|2017|20260210
8D419B321958B4812ACC536FEF44472A|2023|0112|CULTIVO DE HORTALIZAS Y LEGUMBRES, ESPECIALIDADES HORTICOLAS Y PRODUCTOS DE VIVERO|AGROPECUARIO|130401|LA LIBERTAD|CHEPEN|CHEPEN|3341250|81172.617|9|2017|20260210
4DFA851572CEED864BE93C6FB31A6458|2024|0140|ACTIVIDADES DE SERVICIOS AGRICOLAS Y GANADEROS, EXCEPTO LAS ACTIVIDADES VETERINARIAS|AGROPECUARIO|060902|CAJAMARCA|SAN IGNACIO|CHIRINOS|16480000|246185.19|6|2017|20260210
4DFA851572CEED864BE93C6FB31A6458|2023|0140|ACTIVIDADES DE SERVICIOS AGRICOLAS Y GANADEROS, EXCEPTO LAS ACTIVIDADES VETERINARIAS|AGROPECUARIO|060902|CAJAMARCA|SAN IGNACIO|CHIRINOS|12870000|278102.53|12|2017|20260210
4DFA851572CEED864BE93C6FB31A6458|2022|0140|ACTIVIDADES DE SERVICIOS AGRICOLAS Y GANADEROS, EXCEPTO LAS ACTIVIDADES VETERINARIAS|AGROPECUARIO|060902|CAJAMARCA|SAN IGNACIO|CHIRINOS|11960000|270973.09|21|2017|20260210
4DFA851572CEED864BE93C6FB31A6458|2021|0140|ACTIVIDADES DE SERVICIOS AGRICOLAS Y GANADEROS, EXCEPTO LAS ACTIVIDADES VETERINARIAS|AGROPECUARIO|060902|CAJAMARCA|SAN IGNACIO|CHIRINOS|4400|744569.94|14|2017|20260210
4DFA851572CEED864BE93C6FB31A6458|2020|0140|ACTIVIDADES DE SERVICIOS AGRICOLAS Y GANADEROS, EXCEPTO LAS ACTIVIDADES VETERINARIAS|AGROPECUARIO|060902|CAJAMARCA|SAN IGNACIO|CHIRINOS|5482500|948241.13|8|2017|20260210
F220599500551A940942C7734C813E32|2024|0111|CULTIVO DE CEREALES Y OTROS CULTIVOS NCP|AGROPECUARIO|060902|CAJAMARCA|SAN IGNACIO|CHIRINOS|104287504|4000000.0|39|1993|20260210
F220599500551A940942C7734C813E32|2021|0111|CULTIVO DE CEREALES Y OTROS CULTIVOS NCP|AGROPECUARIO|060902|CAJAMARCA|SAN IGNACIO|CHIRINOS|11440000|8890399.0|56|1993|20260210
F220599500551A940942C7734C813E32|2019|0111|CULTIVO DE CEREALES Y OTROS CULTIVOS NCP|AGROPECUARIO|060902|CAJAMARCA|SAN IGNACIO|CHIRINOS|33600000|622015.88|40|1993|20260210
F220599500551A940942C7734C813E32|2020|0111|CULTIVO DE CEREALES Y OTROS CULTIVOS NCP|AGROPECUARIO|060902|CAJAMARCA|SAN IGNACIO|CHIRINOS|34400000|7551793.0|61|1993|20260210
F220599500551A940942C7734C813E32|2022|0111|CULTIVO DE CEREALES Y OTROS CULTIVOS NCP|AGROPECUARIO|060902|CAJAMARCA|SAN IGNACIO|CHIRINOS|93150000|2173264.8|51|1993|20260210
494F241FA73A684140034C0CED0C229C|2020|7499|OTRAS ACTIVIDADES EMPRESARIALES NCP|SERVICIOS|150108|LIMA|LIMA|CHORRILLOS|967500|56258.84|36|1993|20260210
494F241FA73A684140034C0CED0C229C|2019|7499|OTRAS ACTIVIDADES EMPRESARIALES NCP|SERVICIOS|150108|LIMA|LIMA|CHORRILLOS|1680000|262032.69|45|1993|20260210
CE0D6EFC9EAF2D316453155FC0674918|2024|9309|OTRAS ACTIVIDADES DE SERVICIOS NCP|SERVICIOS|150108|LIMA|LIMA|CHORRILLOS|3476250|16.5|33|1993|20260210
DC5544615C312EDE46646BD418E29798|2021|6519|OTROS TIPOS DE INTERMEDIACION MONETARIA|SERVICIOS|200401|PIURA|MORROPON|CHULUCANAS|4400|69.080002|1|2021|20260210
E83B3EEEDEC348CEDD39451FBBA4B6D2|2021|0113|CULTIVO DE FRUTAS, NUECES, PLANTAS CUYAS HOJAS O FRUTAS SE UTILIZAN PARA PREPARAR BEBIDAS, Y ESPECIAS|AGROPECUARIO|200401|PIURA|MORROPON|CHULUCANAS|4400|38.509998|6|2018|20260210
3D93D5CBCAFA67A7F3E3AEED65093A74|2019|7499|OTRAS ACTIVIDADES EMPRESARIALES NCP|SERVICIOS|150110|LIMA|LIMA|COMAS|4200|88650.242|2|2004|20260210
3D93D5CBCAFA67A7F3E3AEED65093A74|2023|7499|OTRAS ACTIVIDADES EMPRESARIALES NCP|SERVICIOS|150110|LIMA|LIMA|COMAS|4950|90859.867|3|2004|20260210
3D93D5CBCAFA67A7F3E3AEED65093A74|2022|7499|OTRAS ACTIVIDADES EMPRESARIALES NCP|SERVICIOS|150110|LIMA|LIMA|COMAS|4600|81220.703|3|2004|20260210
3D93D5CBCAFA67A7F3E3AEED65093A74|2021|7499|OTRAS ACTIVIDADES EMPRESARIALES NCP|SERVICIOS|150110|LIMA|LIMA|COMAS|4400|97440.094|2|2004|20260210
3D93D5CBCAFA67A7F3E3AEED65093A74|2020|7499|OTRAS ACTIVIDADES EMPRESARIALES NCP|SERVICIOS|150110|LIMA|LIMA|COMAS|4300|95018.727|2|2004|20260210
3D93D5CBCAFA67A7F3E3AEED65093A74|2024|7499|OTRAS ACTIVIDADES EMPRESARIALES NCP|SERVICIOS|150110|LIMA|LIMA|COMAS|5150|125348.71|3|2004|20260210
9708BD9B53EE217E8A5D089D772E9A62|2021|6519|OTROS TIPOS DE INTERMEDIACION MONETARIA|SERVICIOS|150110|LIMA|LIMA|COMAS|4400|281011.72|15|2018|20260210
9708BD9B53EE217E8A5D089D772E9A62|2020|6519|OTROS TIPOS DE INTERMEDIACION MONETARIA|SERVICIOS|150110|LIMA|LIMA|COMAS|4300|40017.539|3|2018|20260210
204126BC78406A96DBEA2C02A4195ADE|2022|5142|VENTA AL POR MAYOR DE METALES Y MINERALES METALIFEROS|COMERCIO|120114|JUNIN|HUANCAYO|EL TAMBO|4600|76.809998|1|2019|20260210
204126BC78406A96DBEA2C02A4195ADE|2020|6519|OTROS TIPOS DE INTERMEDIACION MONETARIA|SERVICIOS|120114|JUNIN|HUANCAYO|EL TAMBO|4300|84.019997|1|2019|20260210
8BB6BBB10ABA2811C226F9F30531779B|2019|6599|OTROS TIPOS DE INTERMEDIACION FINANCIERA NCP|SERVICIOS|120114|JUNIN|HUANCAYO|EL TAMBO|4200|99000.0|41|2016|20260210
8BB6BBB10ABA2811C226F9F30531779B|2020|6599|OTROS TIPOS DE INTERMEDIACION FINANCIERA NCP|SERVICIOS|120114|JUNIN|HUANCAYO|EL TAMBO|4300|93905.648|5|2016|20260210
8BB6BBB10ABA2811C226F9F30531779B|2021|6599|OTROS TIPOS DE INTERMEDIACION FINANCIERA NCP|SERVICIOS|120114|JUNIN|HUANCAYO|EL TAMBO|4400|173955.3|1|2016|20260210
F77C529C67167B5440B9DF841926583D|2020|6592|OTROS TIPOS DE CREDITO|SERVICIOS|120114|JUNIN|HUANCAYO|EL TAMBO|4300|4517.1699|1|2011|20260210
451C9DC0C6388936550E56D34530006A|2022|6519|OTROS TIPOS DE INTERMEDIACION MONETARIA|SERVICIOS|120101|JUNIN|HUANCAYO|HUANCAYO|5865000|156696.2|100|2018|20260210
451C9DC0C6388936550E56D34530006A|2021|6519|OTROS TIPOS DE INTERMEDIACION MONETARIA|SERVICIOS|120101|JUNIN|HUANCAYO|HUANCAYO|4400|146539.69|67|2018|20260210
D6C79BA6436089C87D56D3DABBAF9215|2019|7499|OTRAS ACTIVIDADES EMPRESARIALES NCP|SERVICIOS|120101|JUNIN|HUANCAYO|HUANCAYO|4200|93.489998|1|2019|20260210
F4409CC465091B0AEBE5E2B397295DA9|2023|6599|OTROS TIPOS DE INTERMEDIACION FINANCIERA NCP|SERVICIOS|120101|JUNIN|HUANCAYO|HUANCAYO|4950|201.02|1|2015|20260210
F4409CC465091B0AEBE5E2B397295DA9|2021|6599|OTROS TIPOS DE INTERMEDIACION FINANCIERA NCP|SERVICIOS|120101|JUNIN|HUANCAYO|HUANCAYO|4400|201.02|1|2015|20260210
F4409CC465091B0AEBE5E2B397295DA9|2024|6599|OTROS TIPOS DE INTERMEDIACION FINANCIERA NCP|SERVICIOS|120101|JUNIN|HUANCAYO|HUANCAYO|5150|100.51|1|2015|20260210
F4409CC465091B0AEBE5E2B397295DA9|2022|6599|OTROS TIPOS DE INTERMEDIACION FINANCIERA NCP|SERVICIOS|120101|JUNIN|HUANCAYO|HUANCAYO|4600|100.51|1|2015|20260210
4B2AFADFD4DAF56FCC869A9C3E53FFBA|2019|7499|OTRAS ACTIVIDADES EMPRESARIALES NCP|SERVICIOS|060903|CAJAMARCA|SAN IGNACIO|HUARANGO|159600|112.42|1|2005|20260210
F38202C5B941D104F1D71E92CA0D4874|2022|0140|ACTIVIDADES DE SERVICIOS AGRICOLAS Y GANADEROS, EXCEPTO LAS ACTIVIDADES VETERINARIAS|AGROPECUARIO|060903|CAJAMARCA|SAN IGNACIO|HUARANGO|4600|323198.16|1|2010|20260210
F38202C5B941D104F1D71E92CA0D4874|2020|0140|ACTIVIDADES DE SERVICIOS AGRICOLAS Y GANADEROS, EXCEPTO LAS ACTIVIDADES VETERINARIAS|AGROPECUARIO|060903|CAJAMARCA|SAN IGNACIO|HUARANGO|4300|613686.69|1|2010|20260210
F38202C5B941D104F1D71E92CA0D4874|2021|0140|ACTIVIDADES DE SERVICIOS AGRICOLAS Y GANADEROS, EXCEPTO LAS ACTIVIDADES VETERINARIAS|AGROPECUARIO|060903|CAJAMARCA|SAN IGNACIO|HUARANGO|4400|675716.38|1|2010|20260210
F38202C5B941D104F1D71E92CA0D4874|2019|0140|ACTIVIDADES DE SERVICIOS AGRICOLAS Y GANADEROS, EXCEPTO LAS ACTIVIDADES VETERINARIAS|AGROPECUARIO|060903|CAJAMARCA|SAN IGNACIO|HUARANGO|4200|280828.19|1|2010|20260210
15AA64C7E7008929340987C63A5A8232|2022|6519|OTROS TIPOS DE INTERMEDIACION MONETARIA|SERVICIOS|020105|ANCASH|HUARAZ|INDEPENDENCIA|4600|14.75|1|2022|20260210
23640C21DD4E883DDE45C7E1A165AAD2|2021|6021|OTROS TIPOS DE TRANSPORTE REGULAR DE PASAJEROS POR VIA TERRESTRE|SERVICIOS|150112|LIMA|LIMA|INDEPENDENCIA|4400|245082.44|1|1993|20260210
23640C21DD4E883DDE45C7E1A165AAD2|2024|6021|OTROS TIPOS DE TRANSPORTE REGULAR DE PASAJEROS POR VIA TERRESTRE|SERVICIOS|150112|LIMA|LIMA|INDEPENDENCIA|5150|214979.42|1|1993|20260210
23640C21DD4E883DDE45C7E1A165AAD2|2019|6021|OTROS TIPOS DE TRANSPORTE REGULAR DE PASAJEROS POR VIA TERRESTRE|SERVICIOS|150112|LIMA|LIMA|INDEPENDENCIA|945000|293435.66|9|1993|20260210
23640C21DD4E883DDE45C7E1A165AAD2|2020|6021|OTROS TIPOS DE TRANSPORTE REGULAR DE PASAJEROS POR VIA TERRESTRE|SERVICIOS|150112|LIMA|LIMA|INDEPENDENCIA|163400|274412.56|6|1993|20260210
23640C21DD4E883DDE45C7E1A165AAD2|2022|6021|OTROS TIPOS DE TRANSPORTE REGULAR DE PASAJEROS POR VIA TERRESTRE|SERVICIOS|150112|LIMA|LIMA|INDEPENDENCIA|4600|232858.44|1|1993|20260210
23640C21DD4E883DDE45C7E1A165AAD2|2023|6021|OTROS TIPOS DE TRANSPORTE REGULAR DE PASAJEROS POR VIA TERRESTRE|SERVICIOS|150112|LIMA|LIMA|INDEPENDENCIA|4950|230505.73|1|1993|20260210
01ADA676696AB51F3A2949A0D79E923D|2019|8021|ENSEÑANZA SECUNDARIA DE FORMACION GENERAL|SERVICIOS|160101|LORETO|MAYNAS|IQUITOS|2835000|1928274.1|18|1994|20260210
01ADA676696AB51F3A2949A0D79E923D|2024|8021|ENSEÑANZA SECUNDARIA DE FORMACION GENERAL|SERVICIOS|160101|LORETO|MAYNAS|IQUITOS|3476250|1186752.8|88|1994|20260210
01ADA676696AB51F3A2949A0D79E923D|2022|8021|ENSEÑANZA SECUNDARIA DE FORMACION GENERAL|SERVICIOS|160101|LORETO|MAYNAS|IQUITOS|3105000|1576845.0|86|1994|20260210
01ADA676696AB51F3A2949A0D79E923D|2021|8021|ENSEÑANZA SECUNDARIA DE FORMACION GENERAL|SERVICIOS|160101|LORETO|MAYNAS|IQUITOS|4400|2142132.5|76|1994|20260210
01ADA676696AB51F3A2949A0D79E923D|2020|8021|ENSEÑANZA SECUNDARIA DE FORMACION GENERAL|SERVICIOS|160101|LORETO|MAYNAS|IQUITOS|1720000|2584678.8|75|1994|20260210
01ADA676696AB51F3A2949A0D79E923D|2023|8021|ENSEÑANZA SECUNDARIA DE FORMACION GENERAL|SERVICIOS|160101|LORETO|MAYNAS|IQUITOS|3341250|1165084.0|89|1994|20260210
20E176BF98F408505D5764AE2CDBB0F1|2022|7491|OBTENCION Y DOTACION DE PERSONAL|SERVICIOS|160101|LORETO|MAYNAS|IQUITOS|4600|71.440002|1|2006|20260210
20E176BF98F408505D5764AE2CDBB0F1|2024|7491|OBTENCION Y DOTACION DE PERSONAL|SERVICIOS|160101|LORETO|MAYNAS|IQUITOS|5150|71.389999|1|2006|20260210
20E176BF98F408505D5764AE2CDBB0F1|2023|7491|OBTENCION Y DOTACION DE PERSONAL|SERVICIOS|160101|LORETO|MAYNAS|IQUITOS|4950|142.78|1|2006|20260210
2D8210A0DE55C8038B0D24441D9FAB70|2020|5239|VENTA AL POR MENOR DE OTROS PRODUCTOS EN ALMACENES ESPECIALIZADOS|COMERCIO|160101|LORETO|MAYNAS|IQUITOS|270900|1875.28|6|2001|20260210
E36794D1E4B91EF8D83F7F0BE0E3D55B|2019|9309|OTRAS ACTIVIDADES DE SERVICIOS NCP|SERVICIOS|160101|LORETO|MAYNAS|IQUITOS|4200|16.24|1|2018|20260210
E36794D1E4B91EF8D83F7F0BE0E3D55B|2020|9309|OTRAS ACTIVIDADES DE SERVICIOS NCP|SERVICIOS|160101|LORETO|MAYNAS|IQUITOS|4300|54.610001|1|2018|20260210
E36794D1E4B91EF8D83F7F0BE0E3D55B|2021|9309|OTRAS ACTIVIDADES DE SERVICIOS NCP|SERVICIOS|160101|LORETO|MAYNAS|IQUITOS|4400|29.23|1|2018|20260210
03194B5C9A7F7B173F7E604B6B880AAA|2021|0113|CULTIVO DE FRUTAS, NUECES, PLANTAS CUYAS HOJAS O FRUTAS SE UTILIZAN PARA PREPARAR BEBIDAS, Y ESPECIAS|AGROPECUARIO|250302|UCAYALI|PADRE ABAD|IRAZOLA|4400|240000.0|1|2001|20260210
03194B5C9A7F7B173F7E604B6B880AAA|2020|0113|CULTIVO DE FRUTAS, NUECES, PLANTAS CUYAS HOJAS O FRUTAS SE UTILIZAN PARA PREPARAR BEBIDAS, Y ESPECIAS|AGROPECUARIO|250302|UCAYALI|PADRE ABAD|IRAZOLA|4300|241200.0|1|2001|20260210
03194B5C9A7F7B173F7E604B6B880AAA|2019|0113|CULTIVO DE FRUTAS, NUECES, PLANTAS CUYAS HOJAS O FRUTAS SE UTILIZAN PARA PREPARAR BEBIDAS, Y ESPECIAS|AGROPECUARIO|250302|UCAYALI|PADRE ABAD|IRAZOLA|37800|180000.0|1|2001|20260210
CADDE7CF0082D6E653C4606D320567CE|2023|0111|CULTIVO DE CEREALES Y OTROS CULTIVOS NCP|AGROPECUARIO|250302|UCAYALI|PADRE ABAD|IRAZOLA|4950|81.0|1|2012|20260210
CADDE7CF0082D6E653C4606D320567CE|2022|0111|CULTIVO DE CEREALES Y OTROS CULTIVOS NCP|AGROPECUARIO|250302|UCAYALI|PADRE ABAD|IRAZOLA|4600|53.509998|1|2012|20260210
19C626BA2EDD42CB74D521FBA6B412EC|2022|6599|OTROS TIPOS DE INTERMEDIACION FINANCIERA NCP|SERVICIOS|060801|CAJAMARCA|JAEN|JAEN|36800000|1813744.0|251|2006|20260210
19C626BA2EDD42CB74D521FBA6B412EC|2023|6599|OTROS TIPOS DE INTERMEDIACION FINANCIERA NCP|SERVICIOS|060801|CAJAMARCA|JAEN|JAEN|39600000|9028138.0|267|2006|20260210
19C626BA2EDD42CB74D521FBA6B412EC|2020|6599|OTROS TIPOS DE INTERMEDIACION FINANCIERA NCP|SERVICIOS|060801|CAJAMARCA|JAEN|JAEN|378400|7727973.0|198|2006|20260210
19C626BA2EDD42CB74D521FBA6B412EC|2021|6599|OTROS TIPOS DE INTERMEDIACION FINANCIERA NCP|SERVICIOS|060801|CAJAMARCA|JAEN|JAEN|4400|2613392.8|231|2006|20260210
19C626BA2EDD42CB74D521FBA6B412EC|2024|6599|OTROS TIPOS DE INTERMEDIACION FINANCIERA NCP|SERVICIOS|060801|CAJAMARCA|JAEN|JAEN|41200000|3775636.0|279|2006|20260210
1AF2FFF4ED950A874C4B37873C50076D|2023|0111|CULTIVO DE CEREALES Y OTROS CULTIVOS NCP|AGROPECUARIO|060801|CAJAMARCA|JAEN|JAEN|9900000|2370433.8|4|2016|20260210
1AF2FFF4ED950A874C4B37873C50076D|2024|0111|CULTIVO DE CEREALES Y OTROS CULTIVOS NCP|AGROPECUARIO|060801|CAJAMARCA|JAEN|JAEN|6566250|2370433.8|6|2016|20260210
1AF2FFF4ED950A874C4B37873C50076D|2021|0111|CULTIVO DE CEREALES Y OTROS CULTIVOS NCP|AGROPECUARIO|060801|CAJAMARCA|JAEN|JAEN|11440000|3218471.8|12|2016|20260210
1AF2FFF4ED950A874C4B37873C50076D|2019|0111|CULTIVO DE CEREALES Y OTROS CULTIVOS NCP|AGROPECUARIO|060801|CAJAMARCA|JAEN|JAEN|10920000|60000.0|8|2016|20260210
1AF2FFF4ED950A874C4B37873C50076D|2022|0111|CULTIVO DE CEREALES Y OTROS CULTIVOS NCP|AGROPECUARIO|060801|CAJAMARCA|JAEN|JAEN|9200000|2954236.3|13|2016|20260210
1AF2FFF4ED950A874C4B37873C50076D|2020|0111|CULTIVO DE CEREALES Y OTROS CULTIVOS NCP|AGROPECUARIO|060801|CAJAMARCA|JAEN|JAEN|13760000|2989569.0|5|2016|20260210
22F4D61C3A396F52FBE93953F12E2234|2020|6599|OTROS TIPOS DE INTERMEDIACION FINANCIERA NCP|SERVICIOS|060801|CAJAMARCA|JAEN|JAEN|21500000|2190306.0|7|2013|20260210
22F4D61C3A396F52FBE93953F12E2234|2021|0113|CULTIVO DE FRUTAS, NUECES, PLANTAS CUYAS HOJAS O FRUTAS SE UTILIZAN PARA PREPARAR BEBIDAS, Y ESPECIAS|AGROPECUARIO|060801|CAJAMARCA|JAEN|JAEN|11440000|1775806.9|16|2013|20260210
22F4D61C3A396F52FBE93953F12E2234|2023|0113|CULTIVO DE FRUTAS, NUECES, PLANTAS CUYAS HOJAS O FRUTAS SE UTILIZAN PARA PREPARAR BEBIDAS, Y ESPECIAS|AGROPECUARIO|060801|CAJAMARCA|JAEN|JAEN|24750000|376297.22|16|2013|20260210
22F4D61C3A396F52FBE93953F12E2234|2022|0113|CULTIVO DE FRUTAS, NUECES, PLANTAS CUYAS HOJAS O FRUTAS SE UTILIZAN PARA PREPARAR BEBIDAS, Y ESPECIAS|AGROPECUARIO|060801|CAJAMARCA|JAEN|JAEN|36800000|840926.06|9|2013|20260210
2596C2F65A6E4E53E26D9D2EA892B602|2022|0111|CULTIVO DE CEREALES Y OTROS CULTIVOS NCP|AGROPECUARIO|060801|CAJAMARCA|JAEN|JAEN|4600|120114.0|1|2015|20260210
2596C2F65A6E4E53E26D9D2EA892B602|2019|0111|CULTIVO DE CEREALES Y OTROS CULTIVOS NCP|AGROPECUARIO|060801|CAJAMARCA|JAEN|JAEN|945000|80000.0|8|2015|20260210
2596C2F65A6E4E53E26D9D2EA892B602|2020|0111|CULTIVO DE CEREALES Y OTROS CULTIVOS NCP|AGROPECUARIO|060801|CAJAMARCA|JAEN|JAEN|163400|166.33|5|2015|20260210
2596C2F65A6E4E53E26D9D2EA892B602|2021|0111|CULTIVO DE CEREALES Y OTROS CULTIVOS NCP|AGROPECUARIO|060801|CAJAMARCA|JAEN|JAEN|4400|41.48|1|2015|20260210
38C71C2F25A918A90166B6B8DF26A778|2019|0111|CULTIVO DE CEREALES Y OTROS CULTIVOS NCP|AGROPECUARIO|060801|CAJAMARCA|JAEN|JAEN|85050000|2079836.0|91|2008|20260210
38C71C2F25A918A90166B6B8DF26A778|2021|0111|CULTIVO DE CEREALES Y OTROS CULTIVOS NCP|AGROPECUARIO|060801|CAJAMARCA|JAEN|JAEN|11440000|7639609.5|117|2008|20260210
38C71C2F25A918A90166B6B8DF26A778|2024|0111|CULTIVO DE CEREALES Y OTROS CULTIVOS NCP|AGROPECUARIO|060801|CAJAMARCA|JAEN|JAEN|41200000|7518490.5|114|2008|20260210
38C71C2F25A918A90166B6B8DF26A778|2022|0111|CULTIVO DE CEREALES Y OTROS CULTIVOS NCP|AGROPECUARIO|060801|CAJAMARCA|JAEN|JAEN|93150000|9364163.0|114|2008|20260210
38C71C2F25A918A90166B6B8DF26A778|2023|0111|CULTIVO DE CEREALES Y OTROS CULTIVOS NCP|AGROPECUARIO|060801|CAJAMARCA|JAEN|JAEN|54450000|7635684.5|103|2008|20260210
38C71C2F25A918A90166B6B8DF26A778|2020|0111|CULTIVO DE CEREALES Y OTROS CULTIVOS NCP|AGROPECUARIO|060801|CAJAMARCA|JAEN|JAEN|34400000|3228212.0|108|2008|20260210
3FF4C53CED755451EBCF55791E1331E7|2021|0111|CULTIVO DE CEREALES Y OTROS CULTIVOS NCP|AGROPECUARIO|060801|CAJAMARCA|JAEN|JAEN|11440000|18139664.0|155|2000|20260210
3FF4C53CED755451EBCF55791E1331E7|2024|0111|CULTIVO DE CEREALES Y OTROS CULTIVOS NCP|AGROPECUARIO|060801|CAJAMARCA|JAEN|JAEN|41200000|2329498.8|76|2000|20260210
3FF4C53CED755451EBCF55791E1331E7|2022|0111|CULTIVO DE CEREALES Y OTROS CULTIVOS NCP|AGROPECUARIO|060801|CAJAMARCA|JAEN|JAEN|319700000|16917908.0|157|2000|20260210
3FF4C53CED755451EBCF55791E1331E7|2020|5121|VENTA AL POR MAYOR DE MATERIAS PRIMAS AGROPECUARIAS Y DE ANIMALES VIVOS|COMERCIO|060801|CAJAMARCA|JAEN|JAEN|87075000|14640618.0|135|2000|20260210
3FF4C53CED755451EBCF55791E1331E7|2019|0111|CULTIVO DE CEREALES Y OTROS CULTIVOS NCP|AGROPECUARIO|060801|CAJAMARCA|JAEN|JAEN|291900000|11072723.0|133|2000|20260210
3FF4C53CED755451EBCF55791E1331E7|2023|0111|CULTIVO DE CEREALES Y OTROS CULTIVOS NCP|AGROPECUARIO|060801|CAJAMARCA|JAEN|JAEN|54450000|6431372.0|95|2000|20260210
5E131F97ABCA73B3E105584066887974|2021|0111|CULTIVO DE CEREALES Y OTROS CULTIVOS NCP|AGROPECUARIO|060801|CAJAMARCA|JAEN|JAEN|11440000|1177777.0|27|2019|20260210
5E131F97ABCA73B3E105584066887974|2022|0111|CULTIVO DE CEREALES Y OTROS CULTIVOS NCP|AGROPECUARIO|060801|CAJAMARCA|JAEN|JAEN|23000000|536673.19|17|2019|20260210
5E131F97ABCA73B3E105584066887974|2024|0111|CULTIVO DE CEREALES Y OTROS CULTIVOS NCP|AGROPECUARIO|060801|CAJAMARCA|JAEN|JAEN|3476250|399479.53|2|2019|20260210
5E131F97ABCA73B3E105584066887974|2020|0111|CULTIVO DE CEREALES Y OTROS CULTIVOS NCP|AGROPECUARIO|060801|CAJAMARCA|JAEN|JAEN|11180000|1342620.9|23|2019|20260210
5E131F97ABCA73B3E105584066887974|2023|0111|CULTIVO DE CEREALES Y OTROS CULTIVOS NCP|AGROPECUARIO|060801|CAJAMARCA|JAEN|JAEN|15840000|476091.19|7|2019|20260210
844917D6B41043312FF71554A3ABA8A8|2020|0111|CULTIVO DE CEREALES Y OTROS CULTIVOS NCP|AGROPECUARIO|060801|CAJAMARCA|JAEN|JAEN|4300|14018.4|1|2014|20260210
8A8FDE9DC0BC785E407A07D249656777|2024|0111|CULTIVO DE CEREALES Y OTROS CULTIVOS NCP|AGROPECUARIO|060801|CAJAMARCA|JAEN|JAEN|10300000|40000.078|9|2020|20260210
8A8FDE9DC0BC785E407A07D249656777|2021|0111|CULTIVO DE CEREALES Y OTROS CULTIVOS NCP|AGROPECUARIO|060801|CAJAMARCA|JAEN|JAEN|4400|69.669998|3|2020|20260210
8A8FDE9DC0BC785E407A07D249656777|2022|0111|CULTIVO DE CEREALES Y OTROS CULTIVOS NCP|AGROPECUARIO|060801|CAJAMARCA|JAEN|JAEN|11960000|19.41|2|2020|20260210
9D11A4FE7C8072905B54EE41BA2F163A|2022|0111|CULTIVO DE CEREALES Y OTROS CULTIVOS NCP|AGROPECUARIO|060801|CAJAMARCA|JAEN|JAEN|4600|381400.0|1|2013|20260210
9D11A4FE7C8072905B54EE41BA2F163A|2024|0111|CULTIVO DE CEREALES Y OTROS CULTIVOS NCP|AGROPECUARIO|060801|CAJAMARCA|JAEN|JAEN|5150|376400.0|1|2013|20260210
A1FD32B7E91F9CA699006E2CE378467B|2023|6599|OTROS TIPOS DE INTERMEDIACION FINANCIERA NCP|SERVICIOS|060801|CAJAMARCA|JAEN|JAEN|4950|39.639999|1|2016|20260210
A5955D674E169D0BCC82EFCFD2A5C7DA|2019|0113|CULTIVO DE FRUTAS, NUECES, PLANTAS CUYAS HOJAS O FRUTAS SE UTILIZAN PARA PREPARAR BEBIDAS, Y ESPECIAS|AGROPECUARIO|060801|CAJAMARCA|JAEN|JAEN|5355000|145000.0|8|2016|20260210
A5955D674E169D0BCC82EFCFD2A5C7DA|2021|0113|CULTIVO DE FRUTAS, NUECES, PLANTAS CUYAS HOJAS O FRUTAS SE UTILIZAN PARA PREPARAR BEBIDAS, Y ESPECIAS|AGROPECUARIO|060801|CAJAMARCA|JAEN|JAEN|4400|1103036.3|8|2016|20260210
A5955D674E169D0BCC82EFCFD2A5C7DA|2023|0113|CULTIVO DE FRUTAS, NUECES, PLANTAS CUYAS HOJAS O FRUTAS SE UTILIZAN PARA PREPARAR BEBIDAS, Y ESPECIAS|AGROPECUARIO|060801|CAJAMARCA|JAEN|JAEN|54450000|1393979.3|14|2016|20260210
A5955D674E169D0BCC82EFCFD2A5C7DA|2024|0113|CULTIVO DE FRUTAS, NUECES, PLANTAS CUYAS HOJAS O FRUTAS SE UTILIZAN PARA PREPARAR BEBIDAS, Y ESPECIAS|AGROPECUARIO|060801|CAJAMARCA|JAEN|JAEN|56650000|819011.94|24|2016|20260210
A5955D674E169D0BCC82EFCFD2A5C7DA|2022|0113|CULTIVO DE FRUTAS, NUECES, PLANTAS CUYAS HOJAS O FRUTAS SE UTILIZAN PARA PREPARAR BEBIDAS, Y ESPECIAS|AGROPECUARIO|060801|CAJAMARCA|JAEN|JAEN|50600000|516984.69|22|2016|20260210
A5955D674E169D0BCC82EFCFD2A5C7DA|2020|0113|CULTIVO DE FRUTAS, NUECES, PLANTAS CUYAS HOJAS O FRUTAS SE UTILIZAN PARA PREPARAR BEBIDAS, Y ESPECIAS|AGROPECUARIO|060801|CAJAMARCA|JAEN|JAEN|8600000|1179602.5|8|2016|20260210
B0BE662BB0CF00B55B6AFB3F3C4E18E0|2022|0130|CULTIVO DE PRODUCTOS AGRICOLAS EN COMBINACION CON LA CRIA DE ANIMALES (EXPLOTACION MIXTA)|AGROPECUARIO|060801|CAJAMARCA|JAEN|JAEN|14720000|49.009998|14|2014|20260210
D1920BA8697023ACE781AA68881602E3|2021|0140|ACTIVIDADES DE SERVICIOS AGRICOLAS Y GANADEROS, EXCEPTO LAS ACTIVIDADES VETERINARIAS|AGROPECUARIO|060801|CAJAMARCA|JAEN|JAEN|4400|56.599998|31|2021|20260210
D1920BA8697023ACE781AA68881602E3|2023|0140|ACTIVIDADES DE SERVICIOS AGRICOLAS Y GANADEROS, EXCEPTO LAS ACTIVIDADES VETERINARIAS|AGROPECUARIO|060801|CAJAMARCA|JAEN|JAEN|24750000|48612.34|19|2021|20260210
DA5FB6C874C1339565B05B09CCFBA30E|2022|8090|ENSEÑANZA DE ADULTOS Y OTROS TIPOS DE ENSEÑANZA|SERVICIOS|060801|CAJAMARCA|JAEN|JAEN|4600|117.11|1|2022|20260210
DB9F471B9C8CCE41092A877EFE5661A4|2020|0111|CULTIVO DE CEREALES Y OTROS CULTIVOS NCP|AGROPECUARIO|060801|CAJAMARCA|JAEN|JAEN|2902500|200.0|9|2009|20260210
DB9F471B9C8CCE41092A877EFE5661A4|2019|0130|CULTIVO DE PRODUCTOS AGRICOLAS EN COMBINACION CON LA CRIA DE ANIMALES (EXPLOTACION MIXTA)|AGROPECUARIO|060801|CAJAMARCA|JAEN|JAEN|2835000|100.0|8|2009|20260210
E2E8BF624F616CA8B46B4AF37AF9EDFA|2021|0140|ACTIVIDADES DE SERVICIOS AGRICOLAS Y GANADEROS, EXCEPTO LAS ACTIVIDADES VETERINARIAS|AGROPECUARIO|060801|CAJAMARCA|JAEN|JAEN|4400|346154.5|23|2021|20260210
E2E8BF624F616CA8B46B4AF37AF9EDFA|2024|0140|ACTIVIDADES DE SERVICIOS AGRICOLAS Y GANADEROS, EXCEPTO LAS ACTIVIDADES VETERINARIAS|AGROPECUARIO|060801|CAJAMARCA|JAEN|JAEN|10300000|400000.0|11|2021|20260210
E2E8BF624F616CA8B46B4AF37AF9EDFA|2023|0140|ACTIVIDADES DE SERVICIOS AGRICOLAS Y GANADEROS, EXCEPTO LAS ACTIVIDADES VETERINARIAS|AGROPECUARIO|060801|CAJAMARCA|JAEN|JAEN|6311250|278152.0|9|2021|20260210
E7A5D45B3EA4DC6C8C9E7EA2D93D945E|2021|5122|VENTA AL POR MAYOR DE ALIMENTOS, BEBIDAS Y TABACO|COMERCIO|060801|CAJAMARCA|JAEN|JAEN|11440000|3516137.0|22|2015|20260210
E7A5D45B3EA4DC6C8C9E7EA2D93D945E|2022|5122|VENTA AL POR MAYOR DE ALIMENTOS, BEBIDAS Y TABACO|COMERCIO|060801|CAJAMARCA|JAEN|JAEN|36800000|503797.56|19|2015|20260210
E7A5D45B3EA4DC6C8C9E7EA2D93D945E|2020|5122|VENTA AL POR MAYOR DE ALIMENTOS, BEBIDAS Y TABACO|COMERCIO|060801|CAJAMARCA|JAEN|JAEN|21500000|2011086.5|21|2015|20260210
40674770940409F2C41B3C2772EE1287|2020|8519|OTRAS ACTIVIDADES RELACIONADAS CON LA SALUD HUMANA|SERVICIOS|150113|LIMA|LIMA|JESUS MARIA|5482500|746863.63|148|1993|20260210
40674770940409F2C41B3C2772EE1287|2022|8519|OTRAS ACTIVIDADES RELACIONADAS CON LA SALUD HUMANA|SERVICIOS|150113|LIMA|LIMA|JESUS MARIA|9200000|157294.47|177|1993|20260210
40674770940409F2C41B3C2772EE1287|2021|8519|OTRAS ACTIVIDADES RELACIONADAS CON LA SALUD HUMANA|SERVICIOS|150113|LIMA|LIMA|JESUS MARIA|5610000|532331.88|163|1993|20260210
40674770940409F2C41B3C2772EE1287|2019|8519|OTRAS ACTIVIDADES RELACIONADAS CON LA SALUD HUMANA|SERVICIOS|150113|LIMA|LIMA|JESUS MARIA|5355000|952.84998|174|1993|20260210
5AA88066CACAA328338599236FEC94E7|2020|7493|ACTIVIDADES DE LIMPIEZA DE EDIFICIOS|SERVICIOS|150113|LIMA|LIMA|JESUS MARIA|4300|126.08|1|1993|20260210
5AA88066CACAA328338599236FEC94E7|2021|7493|ACTIVIDADES DE LIMPIEZA DE EDIFICIOS|SERVICIOS|150113|LIMA|LIMA|JESUS MARIA|4400|126.08|1|1993|20260210
5EB184135BCCE1D791D534487BB4092C|2024|5232|VENTA AL POR MENOR DE PRODUCTOS TEXTILES, PRENDAS DE VESTIR, CALZADO Y ARTICULOS DE CUERO|COMERCIO|150113|LIMA|LIMA|JESUS MARIA|46350|4.3800001|3|1993|20260210
66056A8915C47BA9078778F60ABAB98D|2023|9309|OTRAS ACTIVIDADES DE SERVICIOS NCP|SERVICIOS|150113|LIMA|LIMA|JESUS MARIA|4950|1057458.6|1|2011|20260210
66056A8915C47BA9078778F60ABAB98D|2024|9309|OTRAS ACTIVIDADES DE SERVICIOS NCP|SERVICIOS|150113|LIMA|LIMA|JESUS MARIA|5150|1073139.5|1|2011|20260210
66056A8915C47BA9078778F60ABAB98D|2021|9309|OTRAS ACTIVIDADES DE SERVICIOS NCP|SERVICIOS|150113|LIMA|LIMA|JESUS MARIA|4400|1136718.1|1|2011|20260210
66056A8915C47BA9078778F60ABAB98D|2022|9309|OTRAS ACTIVIDADES DE SERVICIOS NCP|SERVICIOS|150113|LIMA|LIMA|JESUS MARIA|4600|1087394.8|1|2011|20260210
66056A8915C47BA9078778F60ABAB98D|2020|9309|OTRAS ACTIVIDADES DE SERVICIOS NCP|SERVICIOS|150113|LIMA|LIMA|JESUS MARIA|4300|1032369.3|1|2011|20260210
678D03F6E49D537E35ECED68E3A92D9D|2024|6519|OTROS TIPOS DE INTERMEDIACION MONETARIA|SERVICIOS|150113|LIMA|LIMA|JESUS MARIA|56650000|3335122.0|379|1993|20260210
678D03F6E49D537E35ECED68E3A92D9D|2022|6519|OTROS TIPOS DE INTERMEDIACION MONETARIA|SERVICIOS|150113|LIMA|LIMA|JESUS MARIA|36800000|330.5|301|1993|20260210
678D03F6E49D537E35ECED68E3A92D9D|2020|6519|OTROS TIPOS DE INTERMEDIACION MONETARIA|SERVICIOS|150113|LIMA|LIMA|JESUS MARIA|270900|13.0|333|1993|20260210
678D03F6E49D537E35ECED68E3A92D9D|2019|9309|OTRAS ACTIVIDADES DE SERVICIOS NCP|SERVICIOS|150113|LIMA|LIMA|JESUS MARIA|525000|12.3|367|1993|20260210
678D03F6E49D537E35ECED68E3A92D9D|2021|6519|OTROS TIPOS DE INTERMEDIACION MONETARIA|SERVICIOS|150113|LIMA|LIMA|JESUS MARIA|277200|540.34003|363|1993|20260210
678D03F6E49D537E35ECED68E3A92D9D|2023|6519|OTROS TIPOS DE INTERMEDIACION MONETARIA|SERVICIOS|150113|LIMA|LIMA|JESUS MARIA|39600000|2738.55|342|1993|20260210
76481C724C14EE53942C65FEB415BD66|2024|8021|ENSEÑANZA SECUNDARIA DE FORMACION GENERAL|SERVICIOS|150113|LIMA|LIMA|JESUS MARIA|6566250|3647.5701|1|1993|20260210
768AA1B7B9C48D6A1D3412B3EBA7C7C3|2019|7499|OTRAS ACTIVIDADES EMPRESARIALES NCP|SERVICIOS|150113|LIMA|LIMA|JESUS MARIA|264600|1337.15|29|2009|20260210
768AA1B7B9C48D6A1D3412B3EBA7C7C3|2021|7499|OTRAS ACTIVIDADES EMPRESARIALES NCP|SERVICIOS|150113|LIMA|LIMA|JESUS MARIA|4400|1556.63|1|2009|20260210
768AA1B7B9C48D6A1D3412B3EBA7C7C3|2020|7499|OTRAS ACTIVIDADES EMPRESARIALES NCP|SERVICIOS|150113|LIMA|LIMA|JESUS MARIA|270900|1952.96|77|2009|20260210
143BEED58080F1CDC36D9C4169A2E890|2019|0111|CULTIVO DE CEREALES Y OTROS CULTIVOS NCP|AGROPECUARIO|220601|SAN MARTIN|MARISCAL CACERES|JUANJUI|46200000|2574009.5|22|1997|20260210
143BEED58080F1CDC36D9C4169A2E890|2022|0111|CULTIVO DE CEREALES Y OTROS CULTIVOS NCP|AGROPECUARIO|220601|SAN MARTIN|MARISCAL CACERES|JUANJUI|36800000|5279841.0|20|1997|20260210
143BEED58080F1CDC36D9C4169A2E890|2020|0111|CULTIVO DE CEREALES Y OTROS CULTIVOS NCP|AGROPECUARIO|220601|SAN MARTIN|MARISCAL CACERES|JUANJUI|34400000|8137538.5|23|1997|20260210
143BEED58080F1CDC36D9C4169A2E890|2023|0111|CULTIVO DE CEREALES Y OTROS CULTIVOS NCP|AGROPECUARIO|220601|SAN MARTIN|MARISCAL CACERES|JUANJUI|39600000|2929721.5|14|1997|20260210
143BEED58080F1CDC36D9C4169A2E890|2024|0111|CULTIVO DE CEREALES Y OTROS CULTIVOS NCP|AGROPECUARIO|220601|SAN MARTIN|MARISCAL CACERES|JUANJUI|104287504|4071409.8|20|1997|20260210
143BEED58080F1CDC36D9C4169A2E890|2021|0111|CULTIVO DE CEREALES Y OTROS CULTIVOS NCP|AGROPECUARIO|220601|SAN MARTIN|MARISCAL CACERES|JUANJUI|11440000|8894512.0|16|1997|20260210
A2603BE73C41ED09A72D6F4CEF6E4457|2023|0111|CULTIVO DE CEREALES Y OTROS CULTIVOS NCP|AGROPECUARIO|220601|SAN MARTIN|MARISCAL CACERES|JUANJUI|1113750|68.459999|19|2015|20260210
A2603BE73C41ED09A72D6F4CEF6E4457|2022|0111|CULTIVO DE CEREALES Y OTROS CULTIVOS NCP|AGROPECUARIO|220601|SAN MARTIN|MARISCAL CACERES|JUANJUI|1035000|65.440002|28|2015|20260210
3D797D50B236E9ACCB5F5481D627C483|2024|7129|ALQUILER DE OTROS TIPOS DE MAQUINARIA Y EQUIPO NCP|SERVICIOS|211101|PUNO|SAN ROMAN|JULIACA|3476250|563652.88|14|2004|20260210
404E08FFBB50F7457311F14403AD0A5F|2022|0121|CRIA DE GANADO VACUNO Y DE OVEJAS, CABRAS, CABALLOS, ASNOS, MULAS Y BURDEGANOS CRIA DE GANADO LECHERO|AGROPECUARIO|211101|PUNO|SAN ROMAN|JULIACA|4600|69.870003|1|2022|20260210
53BD13C18BCE26534961649700ACE7AF|2023|6023|TRANSPORTE DE CARGA POR CARRETERA|SERVICIOS|211101|PUNO|SAN ROMAN|JULIACA|435600|42.57|1|2009|20260210
53BD13C18BCE26534961649700ACE7AF|2021|6023|TRANSPORTE DE CARGA POR CARRETERA|SERVICIOS|211101|PUNO|SAN ROMAN|JULIACA|167200|65414.789|1|2009|20260210
66237842CBEB2F13BA7888E454B382C1|2021|7499|OTRAS ACTIVIDADES EMPRESARIALES NCP|SERVICIOS|211101|PUNO|SAN ROMAN|JULIACA|4400|53.459999|1|2021|20260210
807C471BC8BBAA372C3AE62E3E5ED0D2|2024|1429|EXPLOTACION DE OTRAS MINAS Y CANTERAS NCP|MINERIA|211101|PUNO|SAN ROMAN|JULIACA|25750000|268969.13|154|2006|20260210
807C471BC8BBAA372C3AE62E3E5ED0D2|2023|1429|EXPLOTACION DE OTRAS MINAS Y CANTERAS NCP|MINERIA|211101|PUNO|SAN ROMAN|JULIACA|24750000|349840.38|111|2006|20260210
BD243277F8518C657AEEDF78CC1CD624|2024|5142|VENTA AL POR MAYOR DE METALES Y MINERALES METALIFEROS|COMERCIO|211101|PUNO|SAN ROMAN|JULIACA|6566250|94.099998|162|1993|20260210
EABC08B00AFDF010CE04CFBA8BBF80FA|2021|7129|ALQUILER DE OTROS TIPOS DE MAQUINARIA Y EQUIPO NCP|SERVICIOS|211101|PUNO|SAN ROMAN|JULIACA|277200|6935.7402|3|2010|20260210
EABC08B00AFDF010CE04CFBA8BBF80FA|2020|1320|EXTRACCION DE MINERALES METALIFEROS NO FERROSOS, EXCEPTO LOS MINERALES DE URANIO Y TORIO|MINERIA|211101|PUNO|SAN ROMAN|JULIACA|73100|30747.5|1|2010|20260210
FC5270D84C8FF322D301D572AB5591BA|2021|6519|OTROS TIPOS DE INTERMEDIACION MONETARIA|SERVICIOS|211101|PUNO|SAN ROMAN|JULIACA|4400|65.639999|2|2021|20260210
62E4680EF11D6A5457E6C1D7A38328B6|2020|4520|CONSTRUCCION DE EDIFICIOS COMPLETOS Y DE PARTES DE EDIFICIOS OBRAS DE INGENIERIA CIVIL|CONSTRUCCION|150115|LIMA|LIMA|LA VICTORIA|4300|27036.699|1|1993|20260210
62E4680EF11D6A5457E6C1D7A38328B6|2024|4520|CONSTRUCCION DE EDIFICIOS COMPLETOS Y DE PARTES DE EDIFICIOS OBRAS DE INGENIERIA CIVIL|CONSTRUCCION|150115|LIMA|LIMA|LA VICTORIA|5150|28104.43|1|1993|20260210
62E4680EF11D6A5457E6C1D7A38328B6|2019|4520|CONSTRUCCION DE EDIFICIOS COMPLETOS Y DE PARTES DE EDIFICIOS OBRAS DE INGENIERIA CIVIL|CONSTRUCCION|150115|LIMA|LIMA|LA VICTORIA|4200|24744.439|1|1993|20260210
62E4680EF11D6A5457E6C1D7A38328B6|2021|4520|CONSTRUCCION DE EDIFICIOS COMPLETOS Y DE PARTES DE EDIFICIOS OBRAS DE INGENIERIA CIVIL|CONSTRUCCION|150115|LIMA|LIMA|LA VICTORIA|4400|59538.98|1|1993|20260210
62E4680EF11D6A5457E6C1D7A38328B6|2023|4520|CONSTRUCCION DE EDIFICIOS COMPLETOS Y DE PARTES DE EDIFICIOS OBRAS DE INGENIERIA CIVIL|CONSTRUCCION|150115|LIMA|LIMA|LA VICTORIA|4950|55387.531|1|1993|20260210
62E4680EF11D6A5457E6C1D7A38328B6|2022|4520|CONSTRUCCION DE EDIFICIOS COMPLETOS Y DE PARTES DE EDIFICIOS OBRAS DE INGENIERIA CIVIL|CONSTRUCCION|150115|LIMA|LIMA|LA VICTORIA|4600|28477.76|1|1993|20260210
B38D7B71EC4DCFE5F5DE80BB37EF81DA|2021|6021|OTROS TIPOS DE TRANSPORTE REGULAR DE PASAJEROS POR VIA TERRESTRE|SERVICIOS|150115|LIMA|LIMA|LA VICTORIA|167200|741697.0|28|1993|20260210
B38D7B71EC4DCFE5F5DE80BB37EF81DA|2019|6021|OTROS TIPOS DE TRANSPORTE REGULAR DE PASAJEROS POR VIA TERRESTRE|SERVICIOS|150115|LIMA|LIMA|LA VICTORIA|2835000|834463.56|19|1993|20260210
B38D7B71EC4DCFE5F5DE80BB37EF81DA|2024|6021|OTROS TIPOS DE TRANSPORTE REGULAR DE PASAJEROS POR VIA TERRESTRE|SERVICIOS|150115|LIMA|LIMA|LA VICTORIA|2060000|285.89999|18|1993|20260210
B38D7B71EC4DCFE5F5DE80BB37EF81DA|2023|6021|OTROS TIPOS DE TRANSPORTE REGULAR DE PASAJEROS POR VIA TERRESTRE|SERVICIOS|150115|LIMA|LIMA|LA VICTORIA|3341250|268345.47|22|1993|20260210
B38D7B71EC4DCFE5F5DE80BB37EF81DA|2020|6021|OTROS TIPOS DE TRANSPORTE REGULAR DE PASAJEROS POR VIA TERRESTRE|SERVICIOS|150115|LIMA|LIMA|LA VICTORIA|2902500|906487.88|4|1993|20260210
B38D7B71EC4DCFE5F5DE80BB37EF81DA|2022|6021|OTROS TIPOS DE TRANSPORTE REGULAR DE PASAJEROS POR VIA TERRESTRE|SERVICIOS|150115|LIMA|LIMA|LA VICTORIA|3105000|483828.28|17|1993|20260210
F28A858FD498A4148B8A50D50CFD695E|2021|6519|OTROS TIPOS DE INTERMEDIACION MONETARIA|SERVICIOS|150115|LIMA|LIMA|LA VICTORIA|4400|25.75|6|2012|20260210
07F725AE2EC19A813C745F050C202397|2019|6023|TRANSPORTE DE CARGA POR CARRETERA|SERVICIOS|150101|LIMA|LIMA|LIMA|4200|59766.559|1|2005|20260210
0D442082A7D1D040FCFFD01600020188|2019|6023|TRANSPORTE DE CARGA POR CARRETERA|SERVICIOS|150101|LIMA|LIMA|LIMA|4200|14899.5|1|1993|20260210
0D56FEFE2C6389B972C5CA48264CC8DC|2019|6023|TRANSPORTE DE CARGA POR CARRETERA|SERVICIOS|150101|LIMA|LIMA|LIMA|4200|57.259998|1|1993|20260210
0D9B7C140202E5ACDC756304681C1FD1|2019|0113|CULTIVO DE FRUTAS, NUECES, PLANTAS CUYAS HOJAS O FRUTAS SE UTILIZAN PARA PREPARAR BEBIDAS, Y ESPECIAS|AGROPECUARIO|150101|LIMA|LIMA|LIMA|4200|32799.969|1|2009|20260210
12122A6428EF784FD42EE6C47EE4BA09|2019|6023|TRANSPORTE DE CARGA POR CARRETERA|SERVICIOS|150101|LIMA|LIMA|LIMA|4200|85.580002|1|2019|20260210
19F6B5CB0A9B338F9B2E60E9AFAF19DA|2019|6023|TRANSPORTE DE CARGA POR CARRETERA|SERVICIOS|150101|LIMA|LIMA|LIMA|4200|78410.297|1|2006|20260210
1E171421C128856A1D4B04EDAADB9386|2019|6023|TRANSPORTE DE CARGA POR CARRETERA|SERVICIOS|150101|LIMA|LIMA|LIMA|4200|49.349998|1|2017|20260210
1FE077C34FB9FD76D0CEA4FBB0CBC39E|2019|0130|CULTIVO DE PRODUCTOS AGRICOLAS EN COMBINACION CON LA CRIA DE ANIMALES (EXPLOTACION MIXTA)|AGROPECUARIO|150101|LIMA|LIMA|LIMA|4200|69507.68|1|2007|20260210
2B9559D05AF64691E8271F8E1D6293FD|2019|7499|OTRAS ACTIVIDADES EMPRESARIALES NCP|SERVICIOS|150101|LIMA|LIMA|LIMA|4200|256718.66|1|2002|20260210
311637D5697BA7E12C4AC73BA15A3EDF|2019|6023|TRANSPORTE DE CARGA POR CARRETERA|SERVICIOS|150101|LIMA|LIMA|LIMA|4200|113.92|1|2014|20260210
59D923AF4EFCE218C865105393C660C4|2019|6023|TRANSPORTE DE CARGA POR CARRETERA|SERVICIOS|150101|LIMA|LIMA|LIMA|4200|21996.881|1|2012|20260210
5A55A75D413EB8819E27B5F2C88360D8|2024|7499|OTRAS ACTIVIDADES EMPRESARIALES NCP|SERVICIOS|150101|LIMA|LIMA|LIMA|195700|6.6399999|4|1993|20260210
5AA88066CACAA328338599236FEC94E7|2019|6023|TRANSPORTE DE CARGA POR CARRETERA|SERVICIOS|150101|LIMA|LIMA|LIMA|4200|63.040001|1|1993|20260210
5FC025E033E9E073BA6F9584B7EAAF1A|2023|6519|OTROS TIPOS DE INTERMEDIACION MONETARIA|SERVICIOS|150101|LIMA|LIMA|LIMA|188100|109.67|12|2018|20260210
61A4415ECFF0BB5ED4FAAF90706C6B6E|2019|6023|TRANSPORTE DE CARGA POR CARRETERA|SERVICIOS|150101|LIMA|LIMA|LIMA|4200|640.56|1|2008|20260210
66056A8915C47BA9078778F60ABAB98D|2019|6023|TRANSPORTE DE CARGA POR CARRETERA|SERVICIOS|150101|LIMA|LIMA|LIMA|4200|944841.75|1|2011|20260210
7CD75C26930A0CE2C22FD4BFA95D6B02|2019|6023|TRANSPORTE DE CARGA POR CARRETERA|SERVICIOS|150101|LIMA|LIMA|LIMA|4200|50000.0|1|2006|20260210
7DDD1C937578DE9F2578084A9A39FC12|2019|6023|TRANSPORTE DE CARGA POR CARRETERA|SERVICIOS|150101|LIMA|LIMA|LIMA|4200|344950.94|1|1993|20260210
844917D6B41043312FF71554A3ABA8A8|2019|6023|TRANSPORTE DE CARGA POR CARRETERA|SERVICIOS|150101|LIMA|LIMA|LIMA|4200|28364.971|1|2014|20260210
8ED7BACB145CD551BE0BE3DB36456094|2022|6519|OTROS TIPOS DE INTERMEDIACION MONETARIA|SERVICIOS|150101|LIMA|LIMA|LIMA|4600|4448.2798|102|1993|20260210
8ED7BACB145CD551BE0BE3DB36456094|2019|6519|OTROS TIPOS DE INTERMEDIACION MONETARIA|SERVICIOS|150101|LIMA|LIMA|LIMA|945000|108119.67|116|1993|20260210
8ED7BACB145CD551BE0BE3DB36456094|2021|6519|OTROS TIPOS DE INTERMEDIACION MONETARIA|SERVICIOS|150101|LIMA|LIMA|LIMA|277200|1982.95|101|1993|20260210
8ED7BACB145CD551BE0BE3DB36456094|2020|6519|OTROS TIPOS DE INTERMEDIACION MONETARIA|SERVICIOS|150101|LIMA|LIMA|LIMA|378400|640.03003|108|1993|20260210
8ED7BACB145CD551BE0BE3DB36456094|2023|6519|OTROS TIPOS DE INTERMEDIACION MONETARIA|SERVICIOS|150101|LIMA|LIMA|LIMA|100237504|5915.0601|108|1993|20260210
8ED7BACB145CD551BE0BE3DB36456094|2024|6519|OTROS TIPOS DE INTERMEDIACION MONETARIA|SERVICIOS|150101|LIMA|LIMA|LIMA|104287504|5859.5801|79|1993|20260210
90F5BF7A7934EA40D12F1D70EF474C19|2019|6023|TRANSPORTE DE CARGA POR CARRETERA|SERVICIOS|150101|LIMA|LIMA|LIMA|4200|16.41|1|2019|20260210
9CD11F4AB575C22749DC68FF9970B12A|2019|6023|TRANSPORTE DE CARGA POR CARRETERA|SERVICIOS|150101|LIMA|LIMA|LIMA|4200|10727.71|1|2013|20260210
A0C7DE51278588CE785D50F417554325|2019|6023|TRANSPORTE DE CARGA POR CARRETERA|SERVICIOS|150101|LIMA|LIMA|LIMA|4200|12153.8|1|2012|20260210
A1FD32B7E91F9CA699006E2CE378467B|2019|6023|TRANSPORTE DE CARGA POR CARRETERA|SERVICIOS|150101|LIMA|LIMA|LIMA|4200|52.509998|1|2016|20260210
AC107D0902BB6AA0F3D4F76495830C5D|2019|6023|TRANSPORTE DE CARGA POR CARRETERA|SERVICIOS|150101|LIMA|LIMA|LIMA|4200|47260.32|1|1995|20260210
AEF76C363524E47148C99D4D4FC95C18|2021|9309|OTRAS ACTIVIDADES DE SERVICIOS NCP|SERVICIOS|150101|LIMA|LIMA|LIMA|4400|40130.27|1|2001|20260210
B36F24420CB9FCFE5B6B03B62285941F|2019|6023|TRANSPORTE DE CARGA POR CARRETERA|SERVICIOS|150101|LIMA|LIMA|LIMA|4200|71396.813|1|1993|20260210
B468FEDD575F6EE18E94DC369593296F|2019|6023|TRANSPORTE DE CARGA POR CARRETERA|SERVICIOS|150101|LIMA|LIMA|LIMA|4200|5945.5498|1|2006|20260210
B91A3ADA24F67D78A7D4B7240BC10009|2019|6519|OTROS TIPOS DE INTERMEDIACION MONETARIA|SERVICIOS|150101|LIMA|LIMA|LIMA|5355000|3949973.0|133|1993|20260210
B91A3ADA24F67D78A7D4B7240BC10009|2020|6519|OTROS TIPOS DE INTERMEDIACION MONETARIA|SERVICIOS|150101|LIMA|LIMA|LIMA|2902500|2552874.8|128|1993|20260210
B91A3ADA24F67D78A7D4B7240BC10009|2021|6519|OTROS TIPOS DE INTERMEDIACION MONETARIA|SERVICIOS|150101|LIMA|LIMA|LIMA|2970000|598076.88|121|1993|20260210
B91A3ADA24F67D78A7D4B7240BC10009|2022|6519|OTROS TIPOS DE INTERMEDIACION MONETARIA|SERVICIOS|150101|LIMA|LIMA|LIMA|5865000|271890.97|71|1993|20260210
C1CC6C4C134059E9CA84D74509AE82C7|2019|6023|TRANSPORTE DE CARGA POR CARRETERA|SERVICIOS|150101|LIMA|LIMA|LIMA|4200|1592.8|1|1993|20260210
C553E67800FCCD40FC4A31AACD860B8B|2019|6023|TRANSPORTE DE CARGA POR CARRETERA|SERVICIOS|150101|LIMA|LIMA|LIMA|4200|53.689999|1|2006|20260210
C69A8BD9AC34C1571E79580C756F43DB|2019|6023|TRANSPORTE DE CARGA POR CARRETERA|SERVICIOS|150101|LIMA|LIMA|LIMA|4200|30089.75|1|2007|20260210
DBFE4A2D97A78C6DE171DDB92AEEE64A|2019|6023|TRANSPORTE DE CARGA POR CARRETERA|SERVICIOS|150101|LIMA|LIMA|LIMA|4200|25268.391|1|2016|20260210
DEC17A1AE90B6412786A46AB66E9B2F4|2020|6519|OTROS TIPOS DE INTERMEDIACION MONETARIA|SERVICIOS|150101|LIMA|LIMA|LIMA|17200|682743.06|32|2000|20260210
DEC17A1AE90B6412786A46AB66E9B2F4|2022|6519|OTROS TIPOS DE INTERMEDIACION MONETARIA|SERVICIOS|150101|LIMA|LIMA|LIMA|41400|374870.38|33|2000|20260210
DEC17A1AE90B6412786A46AB66E9B2F4|2023|6519|OTROS TIPOS DE INTERMEDIACION MONETARIA|SERVICIOS|150101|LIMA|LIMA|LIMA|4950|269161.0|1|2000|20260210
DEC17A1AE90B6412786A46AB66E9B2F4|2021|6519|OTROS TIPOS DE INTERMEDIACION MONETARIA|SERVICIOS|150101|LIMA|LIMA|LIMA|39600|623786.94|33|2000|20260210
DEC17A1AE90B6412786A46AB66E9B2F4|2024|6519|OTROS TIPOS DE INTERMEDIACION MONETARIA|SERVICIOS|150101|LIMA|LIMA|LIMA|195700|132602.38|30|2000|20260210
DEC17A1AE90B6412786A46AB66E9B2F4|2019|6519|OTROS TIPOS DE INTERMEDIACION MONETARIA|SERVICIOS|150101|LIMA|LIMA|LIMA|37800|806432.69|35|2000|20260210
E212F868E25343C466A21BCCF7C3742C|2019|6023|TRANSPORTE DE CARGA POR CARRETERA|SERVICIOS|150101|LIMA|LIMA|LIMA|4200|37371664.0|1|2006|20260210
E3FA43DF36FC89CD739D99DED442DD0A|2019|6023|TRANSPORTE DE CARGA POR CARRETERA|SERVICIOS|150101|LIMA|LIMA|LIMA|4200|89.870003|1|2019|20260210
F77C529C67167B5440B9DF841926583D|2019|6023|TRANSPORTE DE CARGA POR CARRETERA|SERVICIOS|150101|LIMA|LIMA|LIMA|4200|8165.3599|1|2011|20260210
F8F81E01503681F591A7765F54F8220F|2022|6599|OTROS TIPOS DE INTERMEDIACION FINANCIERA NCP|SERVICIOS|150101|LIMA|LIMA|LIMA|1840000|101.3|26|1993|20260210
FC782A2F6F30A7D2836D92E149CC5166|2019|6023|TRANSPORTE DE CARGA POR CARRETERA|SERVICIOS|150101|LIMA|LIMA|LIMA|4200|11267.32|1|1993|20260210
FC782A2F6F30A7D2836D92E149CC5166|2022|6599|OTROS TIPOS DE INTERMEDIACION FINANCIERA NCP|SERVICIOS|150101|LIMA|LIMA|LIMA|4600|11267.32|1|1993|20260210
FC782A2F6F30A7D2836D92E149CC5166|2023|6599|OTROS TIPOS DE INTERMEDIACION FINANCIERA NCP|SERVICIOS|150101|LIMA|LIMA|LIMA|4950|22531.641|1|1993|20260210
FC782A2F6F30A7D2836D92E149CC5166|2020|6599|OTROS TIPOS DE INTERMEDIACION FINANCIERA NCP|SERVICIOS|150101|LIMA|LIMA|LIMA|4300|22531.641|1|1993|20260210
FC782A2F6F30A7D2836D92E149CC5166|2021|6599|OTROS TIPOS DE INTERMEDIACION FINANCIERA NCP|SERVICIOS|150101|LIMA|LIMA|LIMA|4400|22531.641|1|1993|20260210
FC782A2F6F30A7D2836D92E149CC5166|2024|6599|OTROS TIPOS DE INTERMEDIACION FINANCIERA NCP|SERVICIOS|150101|LIMA|LIMA|LIMA|5150|11267.32|1|1993|20260210
FEE077E0A1458491C1DE432466F0EA43|2019|6023|TRANSPORTE DE CARGA POR CARRETERA|SERVICIOS|150101|LIMA|LIMA|LIMA|4200|49.099998|1|2017|20260210
572E65F3F0714192E0ED798E4FB98C14|2023|6599|OTROS TIPOS DE INTERMEDIACION FINANCIERA NCP|SERVICIOS|150116|LIMA|LIMA|LINCE|3341250|108634.97|7|1993|20260210
572E65F3F0714192E0ED798E4FB98C14|2022|6599|OTROS TIPOS DE INTERMEDIACION FINANCIERA NCP|SERVICIOS|150116|LIMA|LIMA|LINCE|3105000|216211.42|7|1993|20260210
59A107828D111BA87D77C7E843428548|2024|6592|OTROS TIPOS DE CREDITO|SERVICIOS|150116|LIMA|LIMA|LINCE|5150|113.97|1|1993|20260210
9708BD9B53EE217E8A5D089D772E9A62|2022|6519|OTROS TIPOS DE INTERMEDIACION MONETARIA|SERVICIOS|150116|LIMA|LIMA|LINCE|1840000|245852.64|38|2018|20260210
9708BD9B53EE217E8A5D089D772E9A62|2023|6519|OTROS TIPOS DE INTERMEDIACION MONETARIA|SERVICIOS|150116|LIMA|LIMA|LINCE|3341250|517283.59|54|2018|20260210
9708BD9B53EE217E8A5D089D772E9A62|2024|6519|OTROS TIPOS DE INTERMEDIACION MONETARIA|SERVICIOS|150116|LIMA|LIMA|LINCE|3476250|79900.0|47|2018|20260210
014B8649499D18EC9E6D8C57D42B69A9|2021|9309|OTRAS ACTIVIDADES DE SERVICIOS NCP|SERVICIOS|010706|AMAZONAS|UTCUBAMBA|LONYA GRANDE|4400|45887.309|1|2016|20260210
014B8649499D18EC9E6D8C57D42B69A9|2020|9309|OTRAS ACTIVIDADES DE SERVICIOS NCP|SERVICIOS|010706|AMAZONAS|UTCUBAMBA|LONYA GRANDE|4300|51200.379|1|2016|20260210
014B8649499D18EC9E6D8C57D42B69A9|2024|9309|OTRAS ACTIVIDADES DE SERVICIOS NCP|SERVICIOS|010706|AMAZONAS|UTCUBAMBA|LONYA GRANDE|6566250|67435.133|2|2016|20260210
014B8649499D18EC9E6D8C57D42B69A9|2023|9309|OTRAS ACTIVIDADES DE SERVICIOS NCP|SERVICIOS|010706|AMAZONAS|UTCUBAMBA|LONYA GRANDE|3341250|74314.0|3|2016|20260210
014B8649499D18EC9E6D8C57D42B69A9|2022|0113|CULTIVO DE FRUTAS, NUECES, PLANTAS CUYAS HOJAS O FRUTAS SE UTILIZAN PARA PREPARAR BEBIDAS, Y ESPECIAS|AGROPECUARIO|010706|AMAZONAS|UTCUBAMBA|LONYA GRANDE|1035000|17472.199|1|2016|20260210
2200DBD1A95D2DED3086EC999358D9E3|2019|0111|CULTIVO DE CEREALES Y OTROS CULTIVOS NCP|AGROPECUARIO|010706|AMAZONAS|UTCUBAMBA|LONYA GRANDE|21000000|71.919998|32|2014|20260210
2200DBD1A95D2DED3086EC999358D9E3|2024|0111|CULTIVO DE CEREALES Y OTROS CULTIVOS NCP|AGROPECUARIO|010706|AMAZONAS|UTCUBAMBA|LONYA GRANDE|10300000|858265.63|15|2014|20260210
2200DBD1A95D2DED3086EC999358D9E3|2020|0111|CULTIVO DE CEREALES Y OTROS CULTIVOS NCP|AGROPECUARIO|010706|AMAZONAS|UTCUBAMBA|LONYA GRANDE|21500000|2282238.3|51|2014|20260210
2200DBD1A95D2DED3086EC999358D9E3|2022|0111|CULTIVO DE CEREALES Y OTROS CULTIVOS NCP|AGROPECUARIO|010706|AMAZONAS|UTCUBAMBA|LONYA GRANDE|50600000|965664.13|18|2014|20260210
2200DBD1A95D2DED3086EC999358D9E3|2021|0111|CULTIVO DE CEREALES Y OTROS CULTIVOS NCP|AGROPECUARIO|010706|AMAZONAS|UTCUBAMBA|LONYA GRANDE|11440000|2019561.4|41|2014|20260210
2200DBD1A95D2DED3086EC999358D9E3|2023|0111|CULTIVO DE CEREALES Y OTROS CULTIVOS NCP|AGROPECUARIO|010706|AMAZONAS|UTCUBAMBA|LONYA GRANDE|6311250|1082408.6|13|2014|20260210
3EA5518B41E4661ED25F967300FD3317|2022|0111|CULTIVO DE CEREALES Y OTROS CULTIVOS NCP|AGROPECUARIO|010706|AMAZONAS|UTCUBAMBA|LONYA GRANDE|4600|7.8099999|1|2014|20260210
3EA5518B41E4661ED25F967300FD3317|2019|0111|CULTIVO DE CEREALES Y OTROS CULTIVOS NCP|AGROPECUARIO|010706|AMAZONAS|UTCUBAMBA|LONYA GRANDE|4200|80000.0|1|2014|20260210
3EA5518B41E4661ED25F967300FD3317|2020|0111|CULTIVO DE CEREALES Y OTROS CULTIVOS NCP|AGROPECUARIO|010706|AMAZONAS|UTCUBAMBA|LONYA GRANDE|4300|166.48|1|2014|20260210
44BC20E444F67D662B234681F887D2FB|2020|5122|VENTA AL POR MAYOR DE ALIMENTOS, BEBIDAS Y TABACO|COMERCIO|010706|AMAZONAS|UTCUBAMBA|LONYA GRANDE|4300|62.740002|1|2018|20260210
72CE8AFDAE5B95F6573938C5FC50586E|2024|0111|CULTIVO DE CEREALES Y OTROS CULTIVOS NCP|AGROPECUARIO|010706|AMAZONAS|UTCUBAMBA|LONYA GRANDE|643750|66783.297|5|2015|20260210
72CE8AFDAE5B95F6573938C5FC50586E|2023|0111|CULTIVO DE CEREALES Y OTROS CULTIVOS NCP|AGROPECUARIO|010706|AMAZONAS|UTCUBAMBA|LONYA GRANDE|618750|64371.93|7|2015|20260210
72CE8AFDAE5B95F6573938C5FC50586E|2020|0111|CULTIVO DE CEREALES Y OTROS CULTIVOS NCP|AGROPECUARIO|010706|AMAZONAS|UTCUBAMBA|LONYA GRANDE|2902500|152973.78|6|2015|20260210
72CE8AFDAE5B95F6573938C5FC50586E|2022|0111|CULTIVO DE CEREALES Y OTROS CULTIVOS NCP|AGROPECUARIO|010706|AMAZONAS|UTCUBAMBA|LONYA GRANDE|404800|104131.82|5|2015|20260210
7F5593609F483D798D541167C3A14846|2024|0113|CULTIVO DE FRUTAS, NUECES, PLANTAS CUYAS HOJAS O FRUTAS SE UTILIZAN PARA PREPARAR BEBIDAS, Y ESPECIAS|AGROPECUARIO|010706|AMAZONAS|UTCUBAMBA|LONYA GRANDE|5150|948954.25|1|2003|20260210
7F5593609F483D798D541167C3A14846|2020|0130|CULTIVO DE PRODUCTOS AGRICOLAS EN COMBINACION CON LA CRIA DE ANIMALES (EXPLOTACION MIXTA)|AGROPECUARIO|010706|AMAZONAS|UTCUBAMBA|LONYA GRANDE|21500000|1930619.8|12|2003|20260210
7F5593609F483D798D541167C3A14846|2022|0113|CULTIVO DE FRUTAS, NUECES, PLANTAS CUYAS HOJAS O FRUTAS SE UTILIZAN PARA PREPARAR BEBIDAS, Y ESPECIAS|AGROPECUARIO|010706|AMAZONAS|UTCUBAMBA|LONYA GRANDE|14720000|1115318.0|10|2003|20260210
7F5593609F483D798D541167C3A14846|2023|0113|CULTIVO DE FRUTAS, NUECES, PLANTAS CUYAS HOJAS O FRUTAS SE UTILIZAN PARA PREPARAR BEBIDAS, Y ESPECIAS|AGROPECUARIO|010706|AMAZONAS|UTCUBAMBA|LONYA GRANDE|3341250|1208056.3|1|2003|20260210
7F5593609F483D798D541167C3A14846|2021|0113|CULTIVO DE FRUTAS, NUECES, PLANTAS CUYAS HOJAS O FRUTAS SE UTILIZAN PARA PREPARAR BEBIDAS, Y ESPECIAS|AGROPECUARIO|010706|AMAZONAS|UTCUBAMBA|LONYA GRANDE|11440000|1763625.8|13|2003|20260210
458ECE9CAF711F3EB4B87E979CB285D0|2021|5121|VENTA AL POR MAYOR DE MATERIAS PRIMAS AGROPECUARIAS Y DE ANIMALES VIVOS|COMERCIO|100605|HUANUCO|LEONCIO PRADO|LUYANDO|4400|2071812.9|16|2001|20260210
458ECE9CAF711F3EB4B87E979CB285D0|2023|5121|VENTA AL POR MAYOR DE MATERIAS PRIMAS AGROPECUARIAS Y DE ANIMALES VIVOS|COMERCIO|100605|HUANUCO|LEONCIO PRADO|LUYANDO|1113750|2072259.6|8|2001|20260210
458ECE9CAF711F3EB4B87E979CB285D0|2024|5121|VENTA AL POR MAYOR DE MATERIAS PRIMAS AGROPECUARIAS Y DE ANIMALES VIVOS|COMERCIO|100605|HUANUCO|LEONCIO PRADO|LUYANDO|453200|1035906.4|10|2001|20260210
458ECE9CAF711F3EB4B87E979CB285D0|2020|1549|ELABORACION DE OTROS PRODUCTOS ALIMENTICIOS NCP|MANUFACTURA|100605|HUANUCO|LEONCIO PRADO|LUYANDO|5482500|2071812.9|10|2001|20260210
458ECE9CAF711F3EB4B87E979CB285D0|2019|1549|ELABORACION DE OTROS PRODUCTOS ALIMENTICIOS NCP|MANUFACTURA|100605|HUANUCO|LEONCIO PRADO|LUYANDO|5355000|1035906.4|12|2001|20260210
458ECE9CAF711F3EB4B87E979CB285D0|2022|5121|VENTA AL POR MAYOR DE MATERIAS PRIMAS AGROPECUARIAS Y DE ANIMALES VIVOS|COMERCIO|100605|HUANUCO|LEONCIO PRADO|LUYANDO|3105000|1035906.4|15|2001|20260210
DD6D13FF5C82E1063817681B12F10F70|2024|0140|ACTIVIDADES DE SERVICIOS AGRICOLAS Y GANADEROS, EXCEPTO LAS ACTIVIDADES VETERINARIAS|AGROPECUARIO|100605|HUANUCO|LEONCIO PRADO|LUYANDO|5150|9.5|1|2024|20260210
0467AD7E3B053DEE1AE92B37DDE265AC|2022|6519|OTROS TIPOS DE INTERMEDIACION MONETARIA|SERVICIOS|150120|LIMA|LIMA|MAGDALENA DEL MAR|23000000|11055.55|131|2009|20260210
0467AD7E3B053DEE1AE92B37DDE265AC|2023|6519|OTROS TIPOS DE INTERMEDIACION MONETARIA|SERVICIOS|150120|LIMA|LIMA|MAGDALENA DEL MAR|24750000|4110.3901|140|2009|20260210
2104DD408FA676FE2105EBA21F070528|2019|6719|ACTIVIDADES AUXILIARES DE LA INTERMEDIACION FINANCIERA NCP|SERVICIOS|150120|LIMA|LIMA|MAGDALENA DEL MAR|4200|4.3699999|12|2005|20260210
3F2F95CDB02BAEF7E45ED1FD39DE500C|2021|7491|OBTENCION Y DOTACION DE PERSONAL|SERVICIOS|150120|LIMA|LIMA|MAGDALENA DEL MAR|167200|29992.35|5|2002|20260210
54347A09D65E8FF390D7B95765C873D7|2021|6599|OTROS TIPOS DE INTERMEDIACION FINANCIERA NCP|SERVICIOS|150120|LIMA|LIMA|MAGDALENA DEL MAR|4400|680.56|5|2002|20260210
AAEACCE19A4661EAAAD67F73A609D419|2024|0113|CULTIVO DE FRUTAS, NUECES, PLANTAS CUYAS HOJAS O FRUTAS SE UTILIZAN PARA PREPARAR BEBIDAS, Y ESPECIAS|AGROPECUARIO|200605|PIURA|SULLANA|MARCAVELICA|25750000|139.17999|188|2007|20260210
B2DCF310DEA81FF786D2F93D8D57591A|2021|1513|ELABORACION Y CONSERVACION DE FRUTAS, LEGUMBRES Y HORTALIZAS|MANUFACTURA|200605|PIURA|SULLANA|MARCAVELICA|48400000|24.780001|373|2003|20260210
B2DCF310DEA81FF786D2F93D8D57591A|2023|1513|ELABORACION Y CONSERVACION DE FRUTAS, LEGUMBRES Y HORTALIZAS|MANUFACTURA|200605|PIURA|SULLANA|MARCAVELICA|39600000|183.96001|302|2003|20260210
B2DCF310DEA81FF786D2F93D8D57591A|2020|1513|ELABORACION Y CONSERVACION DE FRUTAS, LEGUMBRES Y HORTALIZAS|MANUFACTURA|200605|PIURA|SULLANA|MARCAVELICA|47300000|73.099998|409|2003|20260210
B2DCF310DEA81FF786D2F93D8D57591A|2022|1513|ELABORACION Y CONSERVACION DE FRUTAS, LEGUMBRES Y HORTALIZAS|MANUFACTURA|200605|PIURA|SULLANA|MARCAVELICA|50600000|94.580002|314|2003|20260210
DBD3A6ECCE8D6682F6DBF5E3A66C7F75|2024|0111|CULTIVO DE CEREALES Y OTROS CULTIVOS NCP|AGROPECUARIO|200605|PIURA|SULLANA|MARCAVELICA|2060000|200000.0|1|2006|20260210
DBD3A6ECCE8D6682F6DBF5E3A66C7F75|2021|0111|CULTIVO DE CEREALES Y OTROS CULTIVOS NCP|AGROPECUARIO|200605|PIURA|SULLANA|MARCAVELICA|11440000|200041.16|55|2006|20260210
DBD3A6ECCE8D6682F6DBF5E3A66C7F75|2022|0111|CULTIVO DE CEREALES Y OTROS CULTIVOS NCP|AGROPECUARIO|200605|PIURA|SULLANA|MARCAVELICA|1840000|200000.0|1|2006|20260210
DBD3A6ECCE8D6682F6DBF5E3A66C7F75|2020|0111|CULTIVO DE CEREALES Y OTROS CULTIVOS NCP|AGROPECUARIO|200605|PIURA|SULLANA|MARCAVELICA|11180000|200355.17|107|2006|20260210
DBD3A6ECCE8D6682F6DBF5E3A66C7F75|2023|0111|CULTIVO DE CEREALES Y OTROS CULTIVOS NCP|AGROPECUARIO|200605|PIURA|SULLANA|MARCAVELICA|3341250|210000.0|55|2006|20260210
00DEE08F9EF52EF56D6EBE36FCCA1E05|2021|0113|CULTIVO DE FRUTAS, NUECES, PLANTAS CUYAS HOJAS O FRUTAS SE UTILIZAN PARA PREPARAR BEBIDAS, Y ESPECIAS|AGROPECUARIO|120604|JUNIN|SATIPO|MAZAMARI|4400|1025187.6|1|2009|20260210
00DEE08F9EF52EF56D6EBE36FCCA1E05|2024|0113|CULTIVO DE FRUTAS, NUECES, PLANTAS CUYAS HOJAS O FRUTAS SE UTILIZAN PARA PREPARAR BEBIDAS, Y ESPECIAS|AGROPECUARIO|120604|JUNIN|SATIPO|MAZAMARI|25750000|205744.09|20|2009|20260210
00DEE08F9EF52EF56D6EBE36FCCA1E05|2022|0113|CULTIVO DE FRUTAS, NUECES, PLANTAS CUYAS HOJAS O FRUTAS SE UTILIZAN PARA PREPARAR BEBIDAS, Y ESPECIAS|AGROPECUARIO|120604|JUNIN|SATIPO|MAZAMARI|4600|887019.75|1|2009|20260210
00DEE08F9EF52EF56D6EBE36FCCA1E05|2023|0113|CULTIVO DE FRUTAS, NUECES, PLANTAS CUYAS HOJAS O FRUTAS SE UTILIZAN PARA PREPARAR BEBIDAS, Y ESPECIAS|AGROPECUARIO|120604|JUNIN|SATIPO|MAZAMARI|15840000|549268.19|16|2009|20260210
00DEE08F9EF52EF56D6EBE36FCCA1E05|2020|0113|CULTIVO DE FRUTAS, NUECES, PLANTAS CUYAS HOJAS O FRUTAS SE UTILIZAN PARA PREPARAR BEBIDAS, Y ESPECIAS|AGROPECUARIO|120604|JUNIN|SATIPO|MAZAMARI|4300|1024571.6|1|2009|20260210
61A4415ECFF0BB5ED4FAAF90706C6B6E|2023|0130|CULTIVO DE PRODUCTOS AGRICOLAS EN COMBINACION CON LA CRIA DE ANIMALES (EXPLOTACION MIXTA)|AGROPECUARIO|120604|JUNIN|SATIPO|MAZAMARI|4950|1433.8199|1|2008|20260210
61A4415ECFF0BB5ED4FAAF90706C6B6E|2020|0130|CULTIVO DE PRODUCTOS AGRICOLAS EN COMBINACION CON LA CRIA DE ANIMALES (EXPLOTACION MIXTA)|AGROPECUARIO|120604|JUNIN|SATIPO|MAZAMARI|4300|1399.8|1|2008|20260210
61A4415ECFF0BB5ED4FAAF90706C6B6E|2022|0130|CULTIVO DE PRODUCTOS AGRICOLAS EN COMBINACION CON LA CRIA DE ANIMALES (EXPLOTACION MIXTA)|AGROPECUARIO|120604|JUNIN|SATIPO|MAZAMARI|4600|737.20001|1|2008|20260210
61A4415ECFF0BB5ED4FAAF90706C6B6E|2021|0130|CULTIVO DE PRODUCTOS AGRICOLAS EN COMBINACION CON LA CRIA DE ANIMALES (EXPLOTACION MIXTA)|AGROPECUARIO|120604|JUNIN|SATIPO|MAZAMARI|4400|1541.28|1|2008|20260210
6F24C0C170903C4BD0E74A14CFE2B487|2023|0111|CULTIVO DE CEREALES Y OTROS CULTIVOS NCP|AGROPECUARIO|120604|JUNIN|SATIPO|MAZAMARI|4950|3096.0601|1|2019|20260210
6F24C0C170903C4BD0E74A14CFE2B487|2019|0111|CULTIVO DE CEREALES Y OTROS CULTIVOS NCP|AGROPECUARIO|120604|JUNIN|SATIPO|MAZAMARI|4200|4.0|1|2019|20260210
6F24C0C170903C4BD0E74A14CFE2B487|2022|0111|CULTIVO DE CEREALES Y OTROS CULTIVOS NCP|AGROPECUARIO|120604|JUNIN|SATIPO|MAZAMARI|4600|1547.48|1|2019|20260210
6F24C0C170903C4BD0E74A14CFE2B487|2020|0111|CULTIVO DE CEREALES Y OTROS CULTIVOS NCP|AGROPECUARIO|120604|JUNIN|SATIPO|MAZAMARI|4300|166.86|1|2019|20260210
6F24C0C170903C4BD0E74A14CFE2B487|2021|0111|CULTIVO DE CEREALES Y OTROS CULTIVOS NCP|AGROPECUARIO|120604|JUNIN|SATIPO|MAZAMARI|4400|208.58|1|2019|20260210
A4C3B4C2780BDC8C14B4EE067D853B12|2024|0113|CULTIVO DE FRUTAS, NUECES, PLANTAS CUYAS HOJAS O FRUTAS SE UTILIZAN PARA PREPARAR BEBIDAS, Y ESPECIAS|AGROPECUARIO|120604|JUNIN|SATIPO|MAZAMARI|195700|17.99|1|2023|20260210
A4C3B4C2780BDC8C14B4EE067D853B12|2023|0113|CULTIVO DE FRUTAS, NUECES, PLANTAS CUYAS HOJAS O FRUTAS SE UTILIZAN PARA PREPARAR BEBIDAS, Y ESPECIAS|AGROPECUARIO|120604|JUNIN|SATIPO|MAZAMARI|4950|53.509998|1|2023|20260210
BD0B6DEA5663BD0CC223F8EA5C865368|2024|0130|CULTIVO DE PRODUCTOS AGRICOLAS EN COMBINACION CON LA CRIA DE ANIMALES (EXPLOTACION MIXTA)|AGROPECUARIO|200606|PIURA|SULLANA|MIGUEL CHECA|2060000|48.610001|1|2024|20260210
F05FCC4C6E70D1A7B419EC42B1755C07|2021|0113|CULTIVO DE FRUTAS, NUECES, PLANTAS CUYAS HOJAS O FRUTAS SE UTILIZAN PARA PREPARAR BEBIDAS, Y ESPECIAS|AGROPECUARIO|200606|PIURA|SULLANA|MIGUEL CHECA|11440000|750096.44|267|2015|20260210
F05FCC4C6E70D1A7B419EC42B1755C07|2022|0113|CULTIVO DE FRUTAS, NUECES, PLANTAS CUYAS HOJAS O FRUTAS SE UTILIZAN PARA PREPARAR BEBIDAS, Y ESPECIAS|AGROPECUARIO|200606|PIURA|SULLANA|MIGUEL CHECA|23000000|688014.0|227|2015|20260210
F05FCC4C6E70D1A7B419EC42B1755C07|2020|0113|CULTIVO DE FRUTAS, NUECES, PLANTAS CUYAS HOJAS O FRUTAS SE UTILIZAN PARA PREPARAR BEBIDAS, Y ESPECIAS|AGROPECUARIO|200606|PIURA|SULLANA|MIGUEL CHECA|21500000|750694.63|284|2015|20260210
F05FCC4C6E70D1A7B419EC42B1755C07|2023|0113|CULTIVO DE FRUTAS, NUECES, PLANTAS CUYAS HOJAS O FRUTAS SE UTILIZAN PARA PREPARAR BEBIDAS, Y ESPECIAS|AGROPECUARIO|200606|PIURA|SULLANA|MIGUEL CHECA|15840000|580631.69|171|2015|20260210
F05FCC4C6E70D1A7B419EC42B1755C07|2024|0113|CULTIVO DE FRUTAS, NUECES, PLANTAS CUYAS HOJAS O FRUTAS SE UTILIZAN PARA PREPARAR BEBIDAS, Y ESPECIAS|AGROPECUARIO|200606|PIURA|SULLANA|MIGUEL CHECA|3476250|563720.0|1|2015|20260210
905313CBD86A55917910D54432322EF2|2024|6599|OTROS TIPOS DE INTERMEDIACION FINANCIERA NCP|SERVICIOS|150122|LIMA|LIMA|MIRAFLORES|41200000|7820.2002|160|1993|20260210
905313CBD86A55917910D54432322EF2|2023|6599|OTROS TIPOS DE INTERMEDIACION FINANCIERA NCP|SERVICIOS|150122|LIMA|LIMA|MIRAFLORES|24750000|7335.2598|164|1993|20260210
B2733786B67916E2E232CE450C8C973F|2024|9309|OTRAS ACTIVIDADES DE SERVICIOS NCP|SERVICIOS|150122|LIMA|LIMA|MIRAFLORES|5150|61.84|1|1993|20260210
B2733786B67916E2E232CE450C8C973F|2022|9309|OTRAS ACTIVIDADES DE SERVICIOS NCP|SERVICIOS|150122|LIMA|LIMA|MIRAFLORES|4600|61.860001|1|1993|20260210
B2733786B67916E2E232CE450C8C973F|2023|9309|OTRAS ACTIVIDADES DE SERVICIOS NCP|SERVICIOS|150122|LIMA|LIMA|MIRAFLORES|4950|123.68|1|1993|20260210
BD7878DAA9696E58135503D1414D2981|2023|6719|ACTIVIDADES AUXILIARES DE LA INTERMEDIACION FINANCIERA NCP|SERVICIOS|150122|LIMA|LIMA|MIRAFLORES|3341250|55.630001|14|2015|20260210
ABE3551569788000B7F20BD7B988CB3F|2021|6519|OTROS TIPOS DE INTERMEDIACION MONETARIA|SERVICIOS|040701|AREQUIPA|ISLAY|MOLLENDO|4400|10.95|22|2020|20260210
CC11A754CD69AEE843894A490719B08E|2022|6519|OTROS TIPOS DE INTERMEDIACION MONETARIA|SERVICIOS|040701|AREQUIPA|ISLAY|MOLLENDO|3105000|99.379997|65|2012|20260210
CC11A754CD69AEE843894A490719B08E|2021|6519|OTROS TIPOS DE INTERMEDIACION MONETARIA|SERVICIOS|040701|AREQUIPA|ISLAY|MOLLENDO|4400|24.84|39|2012|20260210
43175E7CE4C3B3B1756F941B7A3857B0|2021|1543|ELABORACION DE CACAO Y CHOCOLATE Y DE PRODUCTOS DE CONFITERIA|MANUFACTURA|100507|HUANUCO|HUAMALIES|MONZON|4400|12750.28|1|2015|20260210
43175E7CE4C3B3B1756F941B7A3857B0|2023|1543|ELABORACION DE CACAO Y CHOCOLATE Y DE PRODUCTOS DE CONFITERIA|MANUFACTURA|100507|HUANUCO|HUAMALIES|MONZON|188100|7181.4102|1|2015|20260210
43175E7CE4C3B3B1756F941B7A3857B0|2022|1543|ELABORACION DE CACAO Y CHOCOLATE Y DE PRODUCTOS DE CONFITERIA|MANUFACTURA|100507|HUANUCO|HUAMALIES|MONZON|18400|4673.5801|1|2015|20260210
90F5BF7A7934EA40D12F1D70EF474C19|2020|0111|CULTIVO DE CEREALES Y OTROS CULTIVOS NCP|AGROPECUARIO|100507|HUANUCO|HUAMALIES|MONZON|4300|84.639999|1|2019|20260210
90F5BF7A7934EA40D12F1D70EF474C19|2024|0111|CULTIVO DE CEREALES Y OTROS CULTIVOS NCP|AGROPECUARIO|100507|HUANUCO|HUAMALIES|MONZON|25750000|54.91|8|2019|20260210
90F5BF7A7934EA40D12F1D70EF474C19|2022|0111|CULTIVO DE CEREALES Y OTROS CULTIVOS NCP|AGROPECUARIO|100507|HUANUCO|HUAMALIES|MONZON|4600|6.5599999|1|2019|20260210
7E29CC1C6733C64CC77359C1CC7F4E2F|2024|6599|OTROS TIPOS DE INTERMEDIACION FINANCIERA NCP|SERVICIOS|180101|MOQUEGUA|MARISCAL NIETO|MOQUEGUA|46350|98.410004|1|2021|20260210
CF4B9AD94FA2CF7F003AF70843DDD54E|2021|6519|OTROS TIPOS DE INTERMEDIACION MONETARIA|SERVICIOS|180101|MOQUEGUA|MARISCAL NIETO|MOQUEGUA|990000|86893.563|149|1993|20260210
CF4B9AD94FA2CF7F003AF70843DDD54E|2020|6519|OTROS TIPOS DE INTERMEDIACION MONETARIA|SERVICIOS|180101|MOQUEGUA|MARISCAL NIETO|MOQUEGUA|4300|156160.66|157|1993|20260210
CF4B9AD94FA2CF7F003AF70843DDD54E|2022|6519|OTROS TIPOS DE INTERMEDIACION MONETARIA|SERVICIOS|180101|MOQUEGUA|MARISCAL NIETO|MOQUEGUA|14720000|18930.029|162|1993|20260210
EA078A73955D8E3D71C290AF83E56427|2024|6599|OTROS TIPOS DE INTERMEDIACION FINANCIERA NCP|SERVICIOS|180101|MOQUEGUA|MARISCAL NIETO|MOQUEGUA|5150|675.22998|1|2015|20260210
EA078A73955D8E3D71C290AF83E56427|2023|6599|OTROS TIPOS DE INTERMEDIACION FINANCIERA NCP|SERVICIOS|180101|MOQUEGUA|MARISCAL NIETO|MOQUEGUA|4950|870.46002|1|2015|20260210
EA078A73955D8E3D71C290AF83E56427|2022|6599|OTROS TIPOS DE INTERMEDIACION FINANCIERA NCP|SERVICIOS|180101|MOQUEGUA|MARISCAL NIETO|MOQUEGUA|1035000|32.709999|13|2015|20260210
48221B7193803CE767ADF11740DA43EB|2024|5220|VENTA AL POR MENOR DE ALIMENTOS, BEBIDAS Y TABACO EN ALMACENES ESPECIALIZADOS|COMERCIO|220101|SAN MARTIN|MOYOBAMBA|MOYOBAMBA|104287504|90000.0|7|2022|20260210
48221B7193803CE767ADF11740DA43EB|2022|5220|VENTA AL POR MENOR DE ALIMENTOS, BEBIDAS Y TABACO EN ALMACENES ESPECIALIZADOS|COMERCIO|220101|SAN MARTIN|MOYOBAMBA|MOYOBAMBA|4600|137.60001|1|2022|20260210
55C562E5B02F8A8628AD1AA86651BFB8|2023|5220|VENTA AL POR MENOR DE ALIMENTOS, BEBIDAS Y TABACO EN ALMACENES ESPECIALIZADOS|COMERCIO|220101|SAN MARTIN|MOYOBAMBA|MOYOBAMBA|44550|1.89|1|2021|20260210
6FE73C535CA02FAC97ECA73D3B684971|2024|0140|ACTIVIDADES DE SERVICIOS AGRICOLAS Y GANADEROS, EXCEPTO LAS ACTIVIDADES VETERINARIAS|AGROPECUARIO|220101|SAN MARTIN|MOYOBAMBA|MOYOBAMBA|453200|79.349998|5|2020|20260210
6FE73C535CA02FAC97ECA73D3B684971|2023|0140|ACTIVIDADES DE SERVICIOS AGRICOLAS Y GANADEROS, EXCEPTO LAS ACTIVIDADES VETERINARIAS|AGROPECUARIO|220101|SAN MARTIN|MOYOBAMBA|MOYOBAMBA|84150|79494.172|4|2020|20260210
6FE73C535CA02FAC97ECA73D3B684971|2021|0140|ACTIVIDADES DE SERVICIOS AGRICOLAS Y GANADEROS, EXCEPTO LAS ACTIVIDADES VETERINARIAS|AGROPECUARIO|220101|SAN MARTIN|MOYOBAMBA|MOYOBAMBA|4400|7.6100001|2|2020|20260210
6FE73C535CA02FAC97ECA73D3B684971|2022|0140|ACTIVIDADES DE SERVICIOS AGRICOLAS Y GANADEROS, EXCEPTO LAS ACTIVIDADES VETERINARIAS|AGROPECUARIO|220101|SAN MARTIN|MOYOBAMBA|MOYOBAMBA|1035000|50000.0|4|2020|20260210
9566D1F0BC819823BE946C37732C4CE1|2023|8090|ENSEÑANZA DE ADULTOS Y OTROS TIPOS DE ENSEÑANZA|SERVICIOS|220101|SAN MARTIN|MOYOBAMBA|MOYOBAMBA|1113750|30.67|12|2019|20260210
967A748D097A588FED0166F5245343C4|2024|0111|CULTIVO DE CEREALES Y OTROS CULTIVOS NCP|AGROPECUARIO|220101|SAN MARTIN|MOYOBAMBA|MOYOBAMBA|3476250|162368.23|12|2004|20260210
967A748D097A588FED0166F5245343C4|2022|0111|CULTIVO DE CEREALES Y OTROS CULTIVOS NCP|AGROPECUARIO|220101|SAN MARTIN|MOYOBAMBA|MOYOBAMBA|3105000|198010.05|9|2004|20260210
967A748D097A588FED0166F5245343C4|2019|0111|CULTIVO DE CEREALES Y OTROS CULTIVOS NCP|AGROPECUARIO|220101|SAN MARTIN|MOYOBAMBA|MOYOBAMBA|5355000|197024.92|12|2004|20260210
967A748D097A588FED0166F5245343C4|2023|0111|CULTIVO DE CEREALES Y OTROS CULTIVOS NCP|AGROPECUARIO|220101|SAN MARTIN|MOYOBAMBA|MOYOBAMBA|1113750|364430.5|12|2004|20260210
967A748D097A588FED0166F5245343C4|2021|0111|CULTIVO DE CEREALES Y OTROS CULTIVOS NCP|AGROPECUARIO|220101|SAN MARTIN|MOYOBAMBA|MOYOBAMBA|4400|396020.09|11|2004|20260210
967A748D097A588FED0166F5245343C4|2020|0111|CULTIVO DE CEREALES Y OTROS CULTIVOS NCP|AGROPECUARIO|220101|SAN MARTIN|MOYOBAMBA|MOYOBAMBA|5482500|396020.09|11|2004|20260210
9DA8C56EF2F84EB495C81941410650D3|2024|0111|CULTIVO DE CEREALES Y OTROS CULTIVOS NCP|AGROPECUARIO|220101|SAN MARTIN|MOYOBAMBA|MOYOBAMBA|41200000|101.17|14|2012|20260210
9DA8C56EF2F84EB495C81941410650D3|2023|0111|CULTIVO DE CEREALES Y OTROS CULTIVOS NCP|AGROPECUARIO|220101|SAN MARTIN|MOYOBAMBA|MOYOBAMBA|39600000|13103749.0|18|2012|20260210
9DA8C56EF2F84EB495C81941410650D3|2019|0111|CULTIVO DE CEREALES Y OTROS CULTIVOS NCP|AGROPECUARIO|220101|SAN MARTIN|MOYOBAMBA|MOYOBAMBA|46200000|1988400.0|7|2012|20260210
9DA8C56EF2F84EB495C81941410650D3|2020|0111|CULTIVO DE CEREALES Y OTROS CULTIVOS NCP|AGROPECUARIO|220101|SAN MARTIN|MOYOBAMBA|MOYOBAMBA|87075000|10772594.0|10|2012|20260210
9DA8C56EF2F84EB495C81941410650D3|2021|0111|CULTIVO DE CEREALES Y OTROS CULTIVOS NCP|AGROPECUARIO|220101|SAN MARTIN|MOYOBAMBA|MOYOBAMBA|11440000|11089489.0|12|2012|20260210
9DA8C56EF2F84EB495C81941410650D3|2022|0111|CULTIVO DE CEREALES Y OTROS CULTIVOS NCP|AGROPECUARIO|220101|SAN MARTIN|MOYOBAMBA|MOYOBAMBA|319700000|9916825.0|10|2012|20260210
C5A840077C74D4A61DA9DD9FFC190AE4|2024|5220|VENTA AL POR MENOR DE ALIMENTOS, BEBIDAS Y TABACO EN ALMACENES ESPECIALIZADOS|COMERCIO|220101|SAN MARTIN|MOYOBAMBA|MOYOBAMBA|195700|80000.0|1|2020|20260210
C5A840077C74D4A61DA9DD9FFC190AE4|2023|5220|VENTA AL POR MENOR DE ALIMENTOS, BEBIDAS Y TABACO EN ALMACENES ESPECIALIZADOS|COMERCIO|220101|SAN MARTIN|MOYOBAMBA|MOYOBAMBA|44550|16093.13|1|2020|20260210
CD2A2CD3172C090B88646C95FD5BF864|2024|0111|CULTIVO DE CEREALES Y OTROS CULTIVOS NCP|AGROPECUARIO|220101|SAN MARTIN|MOYOBAMBA|MOYOBAMBA|16480000|55.549999|11|2013|20260210
3E7C5C5E14BB2EFA220E61008564BD44|2021|0111|CULTIVO DE CEREALES Y OTROS CULTIVOS NCP|AGROPECUARIO|060905|CAJAMARCA|SAN IGNACIO|NAMBALLE|4400|143237.75|1|2009|20260210
3E7C5C5E14BB2EFA220E61008564BD44|2022|0111|CULTIVO DE CEREALES Y OTROS CULTIVOS NCP|AGROPECUARIO|060905|CAJAMARCA|SAN IGNACIO|NAMBALLE|4600|114590.2|1|2009|20260210
3E7C5C5E14BB2EFA220E61008564BD44|2019|0111|CULTIVO DE CEREALES Y OTROS CULTIVOS NCP|AGROPECUARIO|060905|CAJAMARCA|SAN IGNACIO|NAMBALLE|264600|114590.2|1|2009|20260210
3E7C5C5E14BB2EFA220E61008564BD44|2020|0111|CULTIVO DE CEREALES Y OTROS CULTIVOS NCP|AGROPECUARIO|060905|CAJAMARCA|SAN IGNACIO|NAMBALLE|4300|143237.75|1|2009|20260210
7CF9761BFC76562BC37462A69343213C|2021|5121|VENTA AL POR MAYOR DE MATERIAS PRIMAS AGROPECUARIAS Y DE ANIMALES VIVOS|COMERCIO|060905|CAJAMARCA|SAN IGNACIO|NAMBALLE|4400|233649.16|17|2013|20260210
7CF9761BFC76562BC37462A69343213C|2022|5121|VENTA AL POR MAYOR DE MATERIAS PRIMAS AGROPECUARIAS Y DE ANIMALES VIVOS|COMERCIO|060905|CAJAMARCA|SAN IGNACIO|NAMBALLE|5865000|192052.58|19|2013|20260210
7CF9761BFC76562BC37462A69343213C|2024|5121|VENTA AL POR MAYOR DE MATERIAS PRIMAS AGROPECUARIAS Y DE ANIMALES VIVOS|COMERCIO|060905|CAJAMARCA|SAN IGNACIO|NAMBALLE|3476250|189973.84|1|2013|20260210
7CF9761BFC76562BC37462A69343213C|2019|5121|VENTA AL POR MAYOR DE MATERIAS PRIMAS AGROPECUARIAS Y DE ANIMALES VIVOS|COMERCIO|060905|CAJAMARCA|SAN IGNACIO|NAMBALLE|5355000|169950.0|10|2013|20260210
7CF9761BFC76562BC37462A69343213C|2023|5121|VENTA AL POR MAYOR DE MATERIAS PRIMAS AGROPECUARIAS Y DE ANIMALES VIVOS|COMERCIO|060905|CAJAMARCA|SAN IGNACIO|NAMBALLE|15840000|205174.06|19|2013|20260210
7CF9761BFC76562BC37462A69343213C|2020|5121|VENTA AL POR MAYOR DE MATERIAS PRIMAS AGROPECUARIAS Y DE ANIMALES VIVOS|COMERCIO|060905|CAJAMARCA|SAN IGNACIO|NAMBALLE|5482500|226763.73|6|2013|20260210
1FE7494E57F69297786195942A0EF5E0|2021|9199|ACTIVIDADES DE OTRAS ASOCIACIONES NCP|SERVICIOS|220804|SAN MARTIN|RIOJA|NUEVA CAJAMARCA|4400|42.529999|1|2007|20260210
1FE7494E57F69297786195942A0EF5E0|2022|9199|ACTIVIDADES DE OTRAS ASOCIACIONES NCP|SERVICIOS|220804|SAN MARTIN|RIOJA|NUEVA CAJAMARCA|4600|34.02|1|2007|20260210
1FE7494E57F69297786195942A0EF5E0|2023|9199|ACTIVIDADES DE OTRAS ASOCIACIONES NCP|SERVICIOS|220804|SAN MARTIN|RIOJA|NUEVA CAJAMARCA|4950|68.019997|1|2007|20260210
AA71218D19BBDB3257B4C7B0151A6DCC|2021|5121|VENTA AL POR MAYOR DE MATERIAS PRIMAS AGROPECUARIAS Y DE ANIMALES VIVOS|COMERCIO|220804|SAN MARTIN|RIOJA|NUEVA CAJAMARCA|17600|43136.441|2|2014|20260210
AA71218D19BBDB3257B4C7B0151A6DCC|2022|5121|VENTA AL POR MAYOR DE MATERIAS PRIMAS AGROPECUARIAS Y DE ANIMALES VIVOS|COMERCIO|220804|SAN MARTIN|RIOJA|NUEVA CAJAMARCA|174800|65086.551|1|2014|20260210
AA71218D19BBDB3257B4C7B0151A6DCC|2020|5121|VENTA AL POR MAYOR DE MATERIAS PRIMAS AGROPECUARIAS Y DE ANIMALES VIVOS|COMERCIO|220804|SAN MARTIN|RIOJA|NUEVA CAJAMARCA|1720000|68372.969|7|2014|20260210
AA71218D19BBDB3257B4C7B0151A6DCC|2019|5121|VENTA AL POR MAYOR DE MATERIAS PRIMAS AGROPECUARIAS Y DE ANIMALES VIVOS|COMERCIO|220804|SAN MARTIN|RIOJA|NUEVA CAJAMARCA|945000|80207.813|3|2014|20260210
B1E0FBA0458787F04A7C575044857320|2022|0140|ACTIVIDADES DE SERVICIOS AGRICOLAS Y GANADEROS, EXCEPTO LAS ACTIVIDADES VETERINARIAS|AGROPECUARIO|221002|SAN MARTIN|TOCACHE|NUEVO PROGRESO|1840000|81172.141|3|2008|20260210
B1E0FBA0458787F04A7C575044857320|2021|0140|ACTIVIDADES DE SERVICIOS AGRICOLAS Y GANADEROS, EXCEPTO LAS ACTIVIDADES VETERINARIAS|AGROPECUARIO|221002|SAN MARTIN|TOCACHE|NUEVO PROGRESO|4400|170824.3|2|2008|20260210
B1E0FBA0458787F04A7C575044857320|2020|0140|ACTIVIDADES DE SERVICIOS AGRICOLAS Y GANADEROS, EXCEPTO LAS ACTIVIDADES VETERINARIAS|AGROPECUARIO|221002|SAN MARTIN|TOCACHE|NUEVO PROGRESO|5482500|176285.13|2|2008|20260210
E6B5D7BD6123D2193AE6FF6C3F4D13D1|2021|0111|CULTIVO DE CEREALES Y OTROS CULTIVOS NCP|AGROPECUARIO|221002|SAN MARTIN|TOCACHE|NUEVO PROGRESO|4400|724796.0|10|2014|20260210
E6B5D7BD6123D2193AE6FF6C3F4D13D1|2023|0111|CULTIVO DE CEREALES Y OTROS CULTIVOS NCP|AGROPECUARIO|221002|SAN MARTIN|TOCACHE|NUEVO PROGRESO|618750|214021.31|1|2014|20260210
E6B5D7BD6123D2193AE6FF6C3F4D13D1|2020|0111|CULTIVO DE CEREALES Y OTROS CULTIVOS NCP|AGROPECUARIO|221002|SAN MARTIN|TOCACHE|NUEVO PROGRESO|2902500|755102.75|1|2014|20260210
E6B5D7BD6123D2193AE6FF6C3F4D13D1|2022|0111|CULTIVO DE CEREALES Y OTROS CULTIVOS NCP|AGROPECUARIO|221002|SAN MARTIN|TOCACHE|NUEVO PROGRESO|3105000|348592.25|1|2014|20260210
E6B5D7BD6123D2193AE6FF6C3F4D13D1|2024|0111|CULTIVO DE CEREALES Y OTROS CULTIVOS NCP|AGROPECUARIO|221002|SAN MARTIN|TOCACHE|NUEVO PROGRESO|2060000|195153.31|3|2014|20260210
F1FB81D1681CD58B462E218C358D6A8F|2024|0140|ACTIVIDADES DE SERVICIOS AGRICOLAS Y GANADEROS, EXCEPTO LAS ACTIVIDADES VETERINARIAS|AGROPECUARIO|221002|SAN MARTIN|TOCACHE|NUEVO PROGRESO|5150|29.32|1|2020|20260210
F1FB81D1681CD58B462E218C358D6A8F|2021|0140|ACTIVIDADES DE SERVICIOS AGRICOLAS Y GANADEROS, EXCEPTO LAS ACTIVIDADES VETERINARIAS|AGROPECUARIO|221002|SAN MARTIN|TOCACHE|NUEVO PROGRESO|4400|70.910004|4|2020|20260210
F1FB81D1681CD58B462E218C358D6A8F|2023|0140|ACTIVIDADES DE SERVICIOS AGRICOLAS Y GANADEROS, EXCEPTO LAS ACTIVIDADES VETERINARIAS|AGROPECUARIO|221002|SAN MARTIN|TOCACHE|NUEVO PROGRESO|3341250|62355.98|7|2020|20260210
7836558BB3C39D57F7A765D8394FD908|2019|0111|CULTIVO DE CEREALES Y OTROS CULTIVOS NCP|AGROPECUARIO|250301|UCAYALI|PADRE ABAD|PADRE ABAD|37800|10924.16|1|2013|20260210
7836558BB3C39D57F7A765D8394FD908|2020|0111|CULTIVO DE CEREALES Y OTROS CULTIVOS NCP|AGROPECUARIO|250301|UCAYALI|PADRE ABAD|PADRE ABAD|4300|6370.9102|1|2013|20260210
7C99B8E347D214FDA699C7275B2AF746|2021|0113|CULTIVO DE FRUTAS, NUECES, PLANTAS CUYAS HOJAS O FRUTAS SE UTILIZAN PARA PREPARAR BEBIDAS, Y ESPECIAS|AGROPECUARIO|250301|UCAYALI|PADRE ABAD|PADRE ABAD|4400|68769.32|1|2012|20260210
7C99B8E347D214FDA699C7275B2AF746|2022|0113|CULTIVO DE FRUTAS, NUECES, PLANTAS CUYAS HOJAS O FRUTAS SE UTILIZAN PARA PREPARAR BEBIDAS, Y ESPECIAS|AGROPECUARIO|250301|UCAYALI|PADRE ABAD|PADRE ABAD|4600|34384.66|1|2012|20260210
7C99B8E347D214FDA699C7275B2AF746|2019|0113|CULTIVO DE FRUTAS, NUECES, PLANTAS CUYAS HOJAS O FRUTAS SE UTILIZAN PARA PREPARAR BEBIDAS, Y ESPECIAS|AGROPECUARIO|250301|UCAYALI|PADRE ABAD|PADRE ABAD|4200|34384.66|1|2012|20260210
7C99B8E347D214FDA699C7275B2AF746|2020|0113|CULTIVO DE FRUTAS, NUECES, PLANTAS CUYAS HOJAS O FRUTAS SE UTILIZAN PARA PREPARAR BEBIDAS, Y ESPECIAS|AGROPECUARIO|250301|UCAYALI|PADRE ABAD|PADRE ABAD|4300|68769.32|1|2012|20260210
19F6B5CB0A9B338F9B2E60E9AFAF19DA|2020|1513|ELABORACION Y CONSERVACION DE FRUTAS, LEGUMBRES Y HORTALIZAS|MANUFACTURA|130205|LA LIBERTAD|ASCOPE|PAIJAN|4300|58387.68|1|2006|20260210
19F6B5CB0A9B338F9B2E60E9AFAF19DA|2023|1513|ELABORACION Y CONSERVACION DE FRUTAS, LEGUMBRES Y HORTALIZAS|MANUFACTURA|130205|LA LIBERTAD|ASCOPE|PAIJAN|3341250|92.129997|28|2006|20260210
1BEDE3A284102DF915E93DC3C050880A|2021|9309|OTRAS ACTIVIDADES DE SERVICIOS NCP|SERVICIOS|130205|LA LIBERTAD|ASCOPE|PAIJAN|387200|8.54|1|2020|20260210
1BEDE3A284102DF915E93DC3C050880A|2022|9309|OTRAS ACTIVIDADES DE SERVICIOS NCP|SERVICIOS|130205|LA LIBERTAD|ASCOPE|PAIJAN|289800|25.6|1|2020|20260210
392E3C6D63DAFA6AF0173E204D5C7D17|2022|6301|MANIPULACION DE LA CARGA|SERVICIOS|130205|LA LIBERTAD|ASCOPE|PAIJAN|1035000|32.5|24|2015|20260210
392E3C6D63DAFA6AF0173E204D5C7D17|2024|6301|MANIPULACION DE LA CARGA|SERVICIOS|130205|LA LIBERTAD|ASCOPE|PAIJAN|2060000|34.900002|20|2015|20260210
392E3C6D63DAFA6AF0173E204D5C7D17|2023|6301|MANIPULACION DE LA CARGA|SERVICIOS|130205|LA LIBERTAD|ASCOPE|PAIJAN|618750|37.169998|16|2015|20260210
001C29005E1DA79463222414A933A3F7|2023|0111|CULTIVO DE CEREALES Y OTROS CULTIVOS NCP|AGROPECUARIO|120606|JUNIN|SATIPO|PANGOA|84150|108.4|1|2022|20260210
0A6453B73DF3F88966DBFB5961A2E568|2022|0111|CULTIVO DE CEREALES Y OTROS CULTIVOS NCP|AGROPECUARIO|120606|JUNIN|SATIPO|PANGOA|11960000|139436.42|4|2015|20260210
0A6453B73DF3F88966DBFB5961A2E568|2023|0111|CULTIVO DE CEREALES Y OTROS CULTIVOS NCP|AGROPECUARIO|120606|JUNIN|SATIPO|PANGOA|15840000|156252.84|10|2015|20260210
0A6453B73DF3F88966DBFB5961A2E568|2024|0111|CULTIVO DE CEREALES Y OTROS CULTIVOS NCP|AGROPECUARIO|120606|JUNIN|SATIPO|PANGOA|56650000|120580.04|16|2015|20260210
0A6453B73DF3F88966DBFB5961A2E568|2021|0111|CULTIVO DE CEREALES Y OTROS CULTIVOS NCP|AGROPECUARIO|120606|JUNIN|SATIPO|PANGOA|4400|101725.13|1|2015|20260210
0D4AB2CC1D9D75ECEAB6EFB7B3599CAA|2022|0113|CULTIVO DE FRUTAS, NUECES, PLANTAS CUYAS HOJAS O FRUTAS SE UTILIZAN PARA PREPARAR BEBIDAS, Y ESPECIAS|AGROPECUARIO|120606|JUNIN|SATIPO|PANGOA|289800|60.509998|1|2022|20260210
398BDC99E364421D9C077C429FAE3BA1|2024|5122|VENTA AL POR MAYOR DE ALIMENTOS, BEBIDAS Y TABACO|COMERCIO|120606|JUNIN|SATIPO|PANGOA|5150|88.919998|1|2021|20260210
3AE6BD8E95101AFBBD0B189C1519DCB9|2023|0113|CULTIVO DE FRUTAS, NUECES, PLANTAS CUYAS HOJAS O FRUTAS SE UTILIZAN PARA PREPARAR BEBIDAS, Y ESPECIAS|AGROPECUARIO|120606|JUNIN|SATIPO|PANGOA|84150|811.38|1|2022|20260210
3AE6BD8E95101AFBBD0B189C1519DCB9|2022|0113|CULTIVO DE FRUTAS, NUECES, PLANTAS CUYAS HOJAS O FRUTAS SE UTILIZAN PARA PREPARAR BEBIDAS, Y ESPECIAS|AGROPECUARIO|120606|JUNIN|SATIPO|PANGOA|4600|148.39999|1|2022|20260210
3D4E771CEF2CA3BD34F804A44819E72F|2019|0111|CULTIVO DE CEREALES Y OTROS CULTIVOS NCP|AGROPECUARIO|120606|JUNIN|SATIPO|PANGOA|5355000|47698.199|1|2016|20260210
3D4E771CEF2CA3BD34F804A44819E72F|2020|0111|CULTIVO DE CEREALES Y OTROS CULTIVOS NCP|AGROPECUARIO|120606|JUNIN|SATIPO|PANGOA|2902500|300999.69|3|2016|20260210
3D4E771CEF2CA3BD34F804A44819E72F|2021|0111|CULTIVO DE CEREALES Y OTROS CULTIVOS NCP|AGROPECUARIO|120606|JUNIN|SATIPO|PANGOA|4400|227188.89|4|2016|20260210
3D4E771CEF2CA3BD34F804A44819E72F|2022|0111|CULTIVO DE CEREALES Y OTROS CULTIVOS NCP|AGROPECUARIO|120606|JUNIN|SATIPO|PANGOA|23000000|75365.078|3|2016|20260210
3F833D16F1462BD173264380ED3164B5|2021|0111|CULTIVO DE CEREALES Y OTROS CULTIVOS NCP|AGROPECUARIO|120606|JUNIN|SATIPO|PANGOA|4400|29.950001|8|2017|20260210
51219160106F1B1ACB4A3977010A81E4|2023|0111|CULTIVO DE CEREALES Y OTROS CULTIVOS NCP|AGROPECUARIO|120606|JUNIN|SATIPO|PANGOA|24750000|146.33|35|2008|20260210
51219160106F1B1ACB4A3977010A81E4|2021|0111|CULTIVO DE CEREALES Y OTROS CULTIVOS NCP|AGROPECUARIO|120606|JUNIN|SATIPO|PANGOA|4400|46.450001|1|2008|20260210
51219160106F1B1ACB4A3977010A81E4|2020|0111|CULTIVO DE CEREALES Y OTROS CULTIVOS NCP|AGROPECUARIO|120606|JUNIN|SATIPO|PANGOA|4300|99.599998|1|2008|20260210
53215A4D7A5910419C1CC219291C23F3|2024|5122|VENTA AL POR MAYOR DE ALIMENTOS, BEBIDAS Y TABACO|COMERCIO|120606|JUNIN|SATIPO|PANGOA|1158750|152.42|1|2016|20260210
53215A4D7A5910419C1CC219291C23F3|2023|5122|VENTA AL POR MAYOR DE ALIMENTOS, BEBIDAS Y TABACO|COMERCIO|120606|JUNIN|SATIPO|PANGOA|113850|53.509998|1|2016|20260210
6A9756511A4135149238AD1F906E11C8|2020|0111|CULTIVO DE CEREALES Y OTROS CULTIVOS NCP|AGROPECUARIO|120606|JUNIN|SATIPO|PANGOA|11180000|446994.44|7|2004|20260210
6A9756511A4135149238AD1F906E11C8|2019|0500|PESCA, EXPLOTACION DE CRIADEROS DE PECES Y GRANJAS PISCICOLAS ACTIVIDADES DE SERVICIOS RELACIONADAS CON LA PESCA|PESCA|120606|JUNIN|SATIPO|PANGOA|5355000|357595.56|7|2004|20260210
6A9756511A4135149238AD1F906E11C8|2021|0111|CULTIVO DE CEREALES Y OTROS CULTIVOS NCP|AGROPECUARIO|120606|JUNIN|SATIPO|PANGOA|11440000|446994.44|14|2004|20260210
88A29ED1AC5A7DCF0FBB33E6A163C68A|2023|0111|CULTIVO DE CEREALES Y OTROS CULTIVOS NCP|AGROPECUARIO|120606|JUNIN|SATIPO|PANGOA|19800|153.23|1|2020|20260210
C01E4F69369098CB345AEB5FE703918E|2020|0113|CULTIVO DE FRUTAS, NUECES, PLANTAS CUYAS HOJAS O FRUTAS SE UTILIZAN PARA PREPARAR BEBIDAS, Y ESPECIAS|AGROPECUARIO|120606|JUNIN|SATIPO|PANGOA|21500000|2214071.0|80|1993|20260210
C01E4F69369098CB345AEB5FE703918E|2023|0111|CULTIVO DE CEREALES Y OTROS CULTIVOS NCP|AGROPECUARIO|120606|JUNIN|SATIPO|PANGOA|24750000|1513565.0|89|1993|20260210
C01E4F69369098CB345AEB5FE703918E|2021|0111|CULTIVO DE CEREALES Y OTROS CULTIVOS NCP|AGROPECUARIO|120606|JUNIN|SATIPO|PANGOA|11440000|3238018.8|85|1993|20260210
C01E4F69369098CB345AEB5FE703918E|2024|0111|CULTIVO DE CEREALES Y OTROS CULTIVOS NCP|AGROPECUARIO|120606|JUNIN|SATIPO|PANGOA|41200000|1753207.5|84|1993|20260210
C01E4F69369098CB345AEB5FE703918E|2019|0113|CULTIVO DE FRUTAS, NUECES, PLANTAS CUYAS HOJAS O FRUTAS SE UTILIZAN PARA PREPARAR BEBIDAS, Y ESPECIAS|AGROPECUARIO|120606|JUNIN|SATIPO|PANGOA|21000000|1990371.9|40|1993|20260210
C01E4F69369098CB345AEB5FE703918E|2022|0111|CULTIVO DE CEREALES Y OTROS CULTIVOS NCP|AGROPECUARIO|120606|JUNIN|SATIPO|PANGOA|36800000|2029816.1|90|1993|20260210
C1EE84D3E1F212D9595FA7FF6B0A1B69|2022|0111|CULTIVO DE CEREALES Y OTROS CULTIVOS NCP|AGROPECUARIO|120606|JUNIN|SATIPO|PANGOA|1035000|758116.69|1|2007|20260210
C1EE84D3E1F212D9595FA7FF6B0A1B69|2020|0111|CULTIVO DE CEREALES Y OTROS CULTIVOS NCP|AGROPECUARIO|120606|JUNIN|SATIPO|PANGOA|5482500|1516034.9|5|2007|20260210
C1EE84D3E1F212D9595FA7FF6B0A1B69|2023|0111|CULTIVO DE CEREALES Y OTROS CULTIVOS NCP|AGROPECUARIO|120606|JUNIN|SATIPO|PANGOA|4950|219.78|1|2007|20260210
C1EE84D3E1F212D9595FA7FF6B0A1B69|2021|0111|CULTIVO DE CEREALES Y OTROS CULTIVOS NCP|AGROPECUARIO|120606|JUNIN|SATIPO|PANGOA|4400|1516100.5|4|2007|20260210
C1EE84D3E1F212D9595FA7FF6B0A1B69|2019|0111|CULTIVO DE CEREALES Y OTROS CULTIVOS NCP|AGROPECUARIO|120606|JUNIN|SATIPO|PANGOA|5355000|758046.81|10|2007|20260210
F1DCDF2714C6E1D48DD6AE43C19368A8|2022|0111|CULTIVO DE CEREALES Y OTROS CULTIVOS NCP|AGROPECUARIO|120606|JUNIN|SATIPO|PANGOA|3105000|1318038.6|8|2015|20260210
F1DCDF2714C6E1D48DD6AE43C19368A8|2020|0111|CULTIVO DE CEREALES Y OTROS CULTIVOS NCP|AGROPECUARIO|120606|JUNIN|SATIPO|PANGOA|8600000|1690432.0|5|2015|20260210
F1DCDF2714C6E1D48DD6AE43C19368A8|2024|0111|CULTIVO DE CEREALES Y OTROS CULTIVOS NCP|AGROPECUARIO|120606|JUNIN|SATIPO|PANGOA|6566250|832997.75|6|2015|20260210
F1DCDF2714C6E1D48DD6AE43C19368A8|2021|0111|CULTIVO DE CEREALES Y OTROS CULTIVOS NCP|AGROPECUARIO|120606|JUNIN|SATIPO|PANGOA|8800000|1691514.0|7|2015|20260210
F1DCDF2714C6E1D48DD6AE43C19368A8|2023|0111|CULTIVO DE CEREALES Y OTROS CULTIVOS NCP|AGROPECUARIO|120606|JUNIN|SATIPO|PANGOA|188100|1133674.5|8|2015|20260210
FD4BE64434DE4FDABA946D198F53881A|2021|0111|CULTIVO DE CEREALES Y OTROS CULTIVOS NCP|AGROPECUARIO|120606|JUNIN|SATIPO|PANGOA|277200|49.380001|4|2010|20260210
FD4BE64434DE4FDABA946D198F53881A|2023|0111|CULTIVO DE CEREALES Y OTROS CULTIVOS NCP|AGROPECUARIO|120606|JUNIN|SATIPO|PANGOA|1113750|183.89|1|2010|20260210
FEB44D046982FC5690ED2B829337034E|2022|0113|CULTIVO DE FRUTAS, NUECES, PLANTAS CUYAS HOJAS O FRUTAS SE UTILIZAN PARA PREPARAR BEBIDAS, Y ESPECIAS|AGROPECUARIO|120606|JUNIN|SATIPO|PANGOA|4600|60.509998|1|2022|20260210
CC82356C44131B0FA6F5A15D956B088F|2023|0140|ACTIVIDADES DE SERVICIOS AGRICOLAS Y GANADEROS, EXCEPTO LAS ACTIVIDADES VETERINARIAS|AGROPECUARIO|220805|SAN MARTIN|RIOJA|PARDO MIGUEL|4950|37.509998|1|2022|20260210
CED46B9A32A2E88AC12BB4CF20F3A8A9|2022|0111|CULTIVO DE CEREALES Y OTROS CULTIVOS NCP|AGROPECUARIO|220805|SAN MARTIN|RIOJA|PARDO MIGUEL|1840000|153.10001|4|2003|20260210
21F86A2B38F247E2B47858877B195947|2020|0113|CULTIVO DE FRUTAS, NUECES, PLANTAS CUYAS HOJAS O FRUTAS SE UTILIZAN PARA PREPARAR BEBIDAS, Y ESPECIAS|AGROPECUARIO|120302|JUNIN|CHANCHAMAYO|PERENE|5482500|95129.797|2|2018|20260210
21F86A2B38F247E2B47858877B195947|2023|0111|CULTIVO DE CEREALES Y OTROS CULTIVOS NCP|AGROPECUARIO|120302|JUNIN|CHANCHAMAYO|PERENE|9900000|109794.99|13|2018|20260210
21F86A2B38F247E2B47858877B195947|2021|5121|VENTA AL POR MAYOR DE MATERIAS PRIMAS AGROPECUARIAS Y DE ANIMALES VIVOS|COMERCIO|120302|JUNIN|CHANCHAMAYO|PERENE|4400|92183.117|8|2018|20260210
21F86A2B38F247E2B47858877B195947|2022|0111|CULTIVO DE CEREALES Y OTROS CULTIVOS NCP|AGROPECUARIO|120302|JUNIN|CHANCHAMAYO|PERENE|23000000|83814.531|6|2018|20260210
21F86A2B38F247E2B47858877B195947|2024|0111|CULTIVO DE CEREALES Y OTROS CULTIVOS NCP|AGROPECUARIO|120302|JUNIN|CHANCHAMAYO|PERENE|16480000|651420.19|7|2018|20260210
5A6E5BC8C92920FAFF85DF74026B656F|2024|0113|CULTIVO DE FRUTAS, NUECES, PLANTAS CUYAS HOJAS O FRUTAS SE UTILIZAN PARA PREPARAR BEBIDAS, Y ESPECIAS|AGROPECUARIO|120302|JUNIN|CHANCHAMAYO|PERENE|46350|45.060001|1|2023|20260210
5A6E5BC8C92920FAFF85DF74026B656F|2023|0113|CULTIVO DE FRUTAS, NUECES, PLANTAS CUYAS HOJAS O FRUTAS SE UTILIZAN PARA PREPARAR BEBIDAS, Y ESPECIAS|AGROPECUARIO|120302|JUNIN|CHANCHAMAYO|PERENE|4950|53.509998|1|2023|20260210
A36FE3361D93F3C8904DC426EE3B1BDA|2019|0113|CULTIVO DE FRUTAS, NUECES, PLANTAS CUYAS HOJAS O FRUTAS SE UTILIZAN PARA PREPARAR BEBIDAS, Y ESPECIAS|AGROPECUARIO|120302|JUNIN|CHANCHAMAYO|PERENE|5355000|449041.13|6|1999|20260210
A36FE3361D93F3C8904DC426EE3B1BDA|2020|0113|CULTIVO DE FRUTAS, NUECES, PLANTAS CUYAS HOJAS O FRUTAS SE UTILIZAN PARA PREPARAR BEBIDAS, Y ESPECIAS|AGROPECUARIO|120302|JUNIN|CHANCHAMAYO|PERENE|8600000|898082.25|16|1999|20260210
A36FE3361D93F3C8904DC426EE3B1BDA|2022|0113|CULTIVO DE FRUTAS, NUECES, PLANTAS CUYAS HOJAS O FRUTAS SE UTILIZAN PARA PREPARAR BEBIDAS, Y ESPECIAS|AGROPECUARIO|120302|JUNIN|CHANCHAMAYO|PERENE|5865000|449041.13|13|1999|20260210
A36FE3361D93F3C8904DC426EE3B1BDA|2021|0113|CULTIVO DE FRUTAS, NUECES, PLANTAS CUYAS HOJAS O FRUTAS SE UTILIZAN PARA PREPARAR BEBIDAS, Y ESPECIAS|AGROPECUARIO|120302|JUNIN|CHANCHAMAYO|PERENE|4400|898082.25|23|1999|20260210
A47FB31088A2685022B48001B744EA56|2024|0113|CULTIVO DE FRUTAS, NUECES, PLANTAS CUYAS HOJAS O FRUTAS SE UTILIZAN PARA PREPARAR BEBIDAS, Y ESPECIAS|AGROPECUARIO|120302|JUNIN|CHANCHAMAYO|PERENE|324450|8.9499998|1|2023|20260210
BEE4F44FCDEB9CD996F60205821BE71C|2019|0140|ACTIVIDADES DE SERVICIOS AGRICOLAS Y GANADEROS, EXCEPTO LAS ACTIVIDADES VETERINARIAS|AGROPECUARIO|120302|JUNIN|CHANCHAMAYO|PERENE|4200|61.93|1|2014|20260210
C13008CE1A009842B77F97AF7DDF9962|2024|0113|CULTIVO DE FRUTAS, NUECES, PLANTAS CUYAS HOJAS O FRUTAS SE UTILIZAN PARA PREPARAR BEBIDAS, Y ESPECIAS|AGROPECUARIO|120302|JUNIN|CHANCHAMAYO|PERENE|5150|74.669998|1|2024|20260210
E0F4C2AA19574B6CF437FD328220ADED|2023|0113|CULTIVO DE FRUTAS, NUECES, PLANTAS CUYAS HOJAS O FRUTAS SE UTILIZAN PARA PREPARAR BEBIDAS, Y ESPECIAS|AGROPECUARIO|120302|JUNIN|CHANCHAMAYO|PERENE|4950|53.509998|1|2023|20260210
0A35F3BA774D7C91F5C087EDC23AA3B7|2024|0111|CULTIVO DE CEREALES Y OTROS CULTIVOS NCP|AGROPECUARIO|120303|JUNIN|CHANCHAMAYO|PICHANAQUI|195700|0.039999999|1|2002|20260210
0A35F3BA774D7C91F5C087EDC23AA3B7|2023|0111|CULTIVO DE CEREALES Y OTROS CULTIVOS NCP|AGROPECUARIO|120303|JUNIN|CHANCHAMAYO|PICHANAQUI|4950|154.10001|1|2002|20260210
0B7B7ACE2E2972459B451C2E062DF7B9|2024|0111|CULTIVO DE CEREALES Y OTROS CULTIVOS NCP|AGROPECUARIO|120303|JUNIN|CHANCHAMAYO|PICHANAQUI|46350|1102654.8|1|2015|20260210
0B7B7ACE2E2972459B451C2E062DF7B9|2021|0111|CULTIVO DE CEREALES Y OTROS CULTIVOS NCP|AGROPECUARIO|120303|JUNIN|CHANCHAMAYO|PICHANAQUI|11440000|1435248.8|7|2015|20260210
0B7B7ACE2E2972459B451C2E062DF7B9|2022|0111|CULTIVO DE CEREALES Y OTROS CULTIVOS NCP|AGROPECUARIO|120303|JUNIN|CHANCHAMAYO|PICHANAQUI|11960000|1248819.3|6|2015|20260210
0B7B7ACE2E2972459B451C2E062DF7B9|2020|0111|CULTIVO DE CEREALES Y OTROS CULTIVOS NCP|AGROPECUARIO|120303|JUNIN|CHANCHAMAYO|PICHANAQUI|11180000|1434454.8|8|2015|20260210
0B7B7ACE2E2972459B451C2E062DF7B9|2023|0111|CULTIVO DE CEREALES Y OTROS CULTIVOS NCP|AGROPECUARIO|120303|JUNIN|CHANCHAMAYO|PICHANAQUI|1113750|1355482.1|2|2015|20260210
0CE648AB1FAC059E00D6AB92534B9D81|2022|0111|CULTIVO DE CEREALES Y OTROS CULTIVOS NCP|AGROPECUARIO|120303|JUNIN|CHANCHAMAYO|PICHANAQUI|3105000|82978.0|7|2016|20260210
0CE648AB1FAC059E00D6AB92534B9D81|2020|0111|CULTIVO DE CEREALES Y OTROS CULTIVOS NCP|AGROPECUARIO|120303|JUNIN|CHANCHAMAYO|PICHANAQUI|2902500|210967.8|16|2016|20260210
0CE648AB1FAC059E00D6AB92534B9D81|2021|6023|TRANSPORTE DE CARGA POR CARRETERA|SERVICIOS|120303|JUNIN|CHANCHAMAYO|PICHANAQUI|4400|174192.34|6|2016|20260210
1559C34EA6548E266C1287793B2083CA|2021|0111|CULTIVO DE CEREALES Y OTROS CULTIVOS NCP|AGROPECUARIO|120303|JUNIN|CHANCHAMAYO|PICHANAQUI|4400|2344727.5|6|2009|20260210
1559C34EA6548E266C1287793B2083CA|2020|0111|CULTIVO DE CEREALES Y OTROS CULTIVOS NCP|AGROPECUARIO|120303|JUNIN|CHANCHAMAYO|PICHANAQUI|5482500|2129485.3|6|2009|20260210
1559C34EA6548E266C1287793B2083CA|2022|0111|CULTIVO DE CEREALES Y OTROS CULTIVOS NCP|AGROPECUARIO|120303|JUNIN|CHANCHAMAYO|PICHANAQUI|575000|1154643.4|1|2009|20260210
1559C34EA6548E266C1287793B2083CA|2019|0111|CULTIVO DE CEREALES Y OTROS CULTIVOS NCP|AGROPECUARIO|120303|JUNIN|CHANCHAMAYO|PICHANAQUI|5355000|1003309.2|1|2009|20260210
1559C34EA6548E266C1287793B2083CA|2024|0111|CULTIVO DE CEREALES Y OTROS CULTIVOS NCP|AGROPECUARIO|120303|JUNIN|CHANCHAMAYO|PICHANAQUI|46350|98.199997|1|2009|20260210
1559C34EA6548E266C1287793B2083CA|2023|0111|CULTIVO DE CEREALES Y OTROS CULTIVOS NCP|AGROPECUARIO|120303|JUNIN|CHANCHAMAYO|PICHANAQUI|311850|2181394.8|3|2009|20260210
17ABD1AC1719C945EB6E7030E550BD45|2023|0111|CULTIVO DE CEREALES Y OTROS CULTIVOS NCP|AGROPECUARIO|120303|JUNIN|CHANCHAMAYO|PICHANAQUI|9900000|135376.78|3|2013|20260210
17ABD1AC1719C945EB6E7030E550BD45|2024|0111|CULTIVO DE CEREALES Y OTROS CULTIVOS NCP|AGROPECUARIO|120303|JUNIN|CHANCHAMAYO|PICHANAQUI|10300000|92039.367|5|2013|20260210
17ABD1AC1719C945EB6E7030E550BD45|2021|0111|CULTIVO DE CEREALES Y OTROS CULTIVOS NCP|AGROPECUARIO|120303|JUNIN|CHANCHAMAYO|PICHANAQUI|4400|458832.34|2|2013|20260210
17ABD1AC1719C945EB6E7030E550BD45|2022|0111|CULTIVO DE CEREALES Y OTROS CULTIVOS NCP|AGROPECUARIO|120303|JUNIN|CHANCHAMAYO|PICHANAQUI|9200000|366827.03|4|2013|20260210
17ABD1AC1719C945EB6E7030E550BD45|2020|0111|CULTIVO DE CEREALES Y OTROS CULTIVOS NCP|AGROPECUARIO|120303|JUNIN|CHANCHAMAYO|PICHANAQUI|2902500|467927.5|6|2013|20260210
1845078D96946887D530E9DCBADC8378|2022|0111|CULTIVO DE CEREALES Y OTROS CULTIVOS NCP|AGROPECUARIO|120303|JUNIN|CHANCHAMAYO|PICHANAQUI|50600000|3769238.5|29|2012|20260210
1845078D96946887D530E9DCBADC8378|2021|0111|CULTIVO DE CEREALES Y OTROS CULTIVOS NCP|AGROPECUARIO|120303|JUNIN|CHANCHAMAYO|PICHANAQUI|11440000|3572460.5|32|2012|20260210
1845078D96946887D530E9DCBADC8378|2019|0111|CULTIVO DE CEREALES Y OTROS CULTIVOS NCP|AGROPECUARIO|120303|JUNIN|CHANCHAMAYO|PICHANAQUI|33600000|583118.88|18|2012|20260210
1845078D96946887D530E9DCBADC8378|2024|0111|CULTIVO DE CEREALES Y OTROS CULTIVOS NCP|AGROPECUARIO|120303|JUNIN|CHANCHAMAYO|PICHANAQUI|56650000|771608.25|49|2012|20260210
1845078D96946887D530E9DCBADC8378|2020|0111|CULTIVO DE CEREALES Y OTROS CULTIVOS NCP|AGROPECUARIO|120303|JUNIN|CHANCHAMAYO|PICHANAQUI|34400000|3809189.0|27|2012|20260210
1845078D96946887D530E9DCBADC8378|2023|0111|CULTIVO DE CEREALES Y OTROS CULTIVOS NCP|AGROPECUARIO|120303|JUNIN|CHANCHAMAYO|PICHANAQUI|39600000|1247133.5|32|2012|20260210
1CC89AFF4D6EC99C13DF8FA432A0F1B2|2019|0111|CULTIVO DE CEREALES Y OTROS CULTIVOS NCP|AGROPECUARIO|120303|JUNIN|CHANCHAMAYO|PICHANAQUI|21000000|397680.0|39|2005|20260210
1CC89AFF4D6EC99C13DF8FA432A0F1B2|2023|0111|CULTIVO DE CEREALES Y OTROS CULTIVOS NCP|AGROPECUARIO|120303|JUNIN|CHANCHAMAYO|PICHANAQUI|39600000|128849.69|53|2005|20260210
1CC89AFF4D6EC99C13DF8FA432A0F1B2|2022|0111|CULTIVO DE CEREALES Y OTROS CULTIVOS NCP|AGROPECUARIO|120303|JUNIN|CHANCHAMAYO|PICHANAQUI|50600000|1087251.5|37|2005|20260210
1CC89AFF4D6EC99C13DF8FA432A0F1B2|2024|0111|CULTIVO DE CEREALES Y OTROS CULTIVOS NCP|AGROPECUARIO|120303|JUNIN|CHANCHAMAYO|PICHANAQUI|41200000|1129200.0|49|2005|20260210
1CC89AFF4D6EC99C13DF8FA432A0F1B2|2021|0111|CULTIVO DE CEREALES Y OTROS CULTIVOS NCP|AGROPECUARIO|120303|JUNIN|CHANCHAMAYO|PICHANAQUI|11440000|1012445.2|40|2005|20260210
1CC89AFF4D6EC99C13DF8FA432A0F1B2|2020|0111|CULTIVO DE CEREALES Y OTROS CULTIVOS NCP|AGROPECUARIO|120303|JUNIN|CHANCHAMAYO|PICHANAQUI|21500000|1003372.4|34|2005|20260210
32775C0BC986E0367B459F8CCF16D2EC|2020|0111|CULTIVO DE CEREALES Y OTROS CULTIVOS NCP|AGROPECUARIO|120303|JUNIN|CHANCHAMAYO|PICHANAQUI|21500000|3162389.3|41|2000|20260210
32775C0BC986E0367B459F8CCF16D2EC|2024|0111|CULTIVO DE CEREALES Y OTROS CULTIVOS NCP|AGROPECUARIO|120303|JUNIN|CHANCHAMAYO|PICHANAQUI|41200000|3234118.5|61|2000|20260210
32775C0BC986E0367B459F8CCF16D2EC|2019|0111|CULTIVO DE CEREALES Y OTROS CULTIVOS NCP|AGROPECUARIO|120303|JUNIN|CHANCHAMAYO|PICHANAQUI|21000000|1309281.3|27|2000|20260210
32775C0BC986E0367B459F8CCF16D2EC|2023|0111|CULTIVO DE CEREALES Y OTROS CULTIVOS NCP|AGROPECUARIO|120303|JUNIN|CHANCHAMAYO|PICHANAQUI|24750000|5813154.5|55|2000|20260210
32775C0BC986E0367B459F8CCF16D2EC|2021|0111|CULTIVO DE CEREALES Y OTROS CULTIVOS NCP|AGROPECUARIO|120303|JUNIN|CHANCHAMAYO|PICHANAQUI|11440000|5079466.5|54|2000|20260210
32775C0BC986E0367B459F8CCF16D2EC|2022|0111|CULTIVO DE CEREALES Y OTROS CULTIVOS NCP|AGROPECUARIO|120303|JUNIN|CHANCHAMAYO|PICHANAQUI|36800000|7430569.5|58|2000|20260210
33F4C2B6B508B6CEA8C41A0F8B6C92AB|2023|0113|CULTIVO DE FRUTAS, NUECES, PLANTAS CUYAS HOJAS O FRUTAS SE UTILIZAN PARA PREPARAR BEBIDAS, Y ESPECIAS|AGROPECUARIO|120303|JUNIN|CHANCHAMAYO|PICHANAQUI|9900000|476651.44|1|2018|20260210
33F4C2B6B508B6CEA8C41A0F8B6C92AB|2022|0113|CULTIVO DE FRUTAS, NUECES, PLANTAS CUYAS HOJAS O FRUTAS SE UTILIZAN PARA PREPARAR BEBIDAS, Y ESPECIAS|AGROPECUARIO|120303|JUNIN|CHANCHAMAYO|PICHANAQUI|4600|1286443.9|1|2018|20260210
33F4C2B6B508B6CEA8C41A0F8B6C92AB|2021|0113|CULTIVO DE FRUTAS, NUECES, PLANTAS CUYAS HOJAS O FRUTAS SE UTILIZAN PARA PREPARAR BEBIDAS, Y ESPECIAS|AGROPECUARIO|120303|JUNIN|CHANCHAMAYO|PICHANAQUI|4400|1622792.5|1|2018|20260210
33F4C2B6B508B6CEA8C41A0F8B6C92AB|2020|0113|CULTIVO DE FRUTAS, NUECES, PLANTAS CUYAS HOJAS O FRUTAS SE UTILIZAN PARA PREPARAR BEBIDAS, Y ESPECIAS|AGROPECUARIO|120303|JUNIN|CHANCHAMAYO|PICHANAQUI|5482500|1621696.8|1|2018|20260210
3C34756803CA680DFE91BD2BF390567E|2019|5121|VENTA AL POR MAYOR DE MATERIAS PRIMAS AGROPECUARIAS Y DE ANIMALES VIVOS|COMERCIO|120303|JUNIN|CHANCHAMAYO|PICHANAQUI|4200|8119.2002|1|2013|20260210
3C34756803CA680DFE91BD2BF390567E|2020|5121|VENTA AL POR MAYOR DE MATERIAS PRIMAS AGROPECUARIAS Y DE ANIMALES VIVOS|COMERCIO|120303|JUNIN|CHANCHAMAYO|PICHANAQUI|4300|16238.4|1|2013|20260210
3C34756803CA680DFE91BD2BF390567E|2021|5121|VENTA AL POR MAYOR DE MATERIAS PRIMAS AGROPECUARIAS Y DE ANIMALES VIVOS|COMERCIO|120303|JUNIN|CHANCHAMAYO|PICHANAQUI|4400|16238.4|1|2013|20260210
3C34756803CA680DFE91BD2BF390567E|2022|5121|VENTA AL POR MAYOR DE MATERIAS PRIMAS AGROPECUARIAS Y DE ANIMALES VIVOS|COMERCIO|120303|JUNIN|CHANCHAMAYO|PICHANAQUI|4600|8119.2002|8|2013|20260210
503D754EB04C4C57614CD7DA3F923059|2022|0113|CULTIVO DE FRUTAS, NUECES, PLANTAS CUYAS HOJAS O FRUTAS SE UTILIZAN PARA PREPARAR BEBIDAS, Y ESPECIAS|AGROPECUARIO|120303|JUNIN|CHANCHAMAYO|PICHANAQUI|1840000|144.42|1|2021|20260210
503D754EB04C4C57614CD7DA3F923059|2021|0113|CULTIVO DE FRUTAS, NUECES, PLANTAS CUYAS HOJAS O FRUTAS SE UTILIZAN PARA PREPARAR BEBIDAS, Y ESPECIAS|AGROPECUARIO|120303|JUNIN|CHANCHAMAYO|PICHANAQUI|4400|122.59|1|2021|20260210
544A61845D46407AB2F56F894CA26360|2021|0111|CULTIVO DE CEREALES Y OTROS CULTIVOS NCP|AGROPECUARIO|120303|JUNIN|CHANCHAMAYO|PICHANAQUI|4400|84.019997|1|2018|20260210
544A61845D46407AB2F56F894CA26360|2024|0111|CULTIVO DE CEREALES Y OTROS CULTIVOS NCP|AGROPECUARIO|120303|JUNIN|CHANCHAMAYO|PICHANAQUI|16480000|93422.18|11|2018|20260210
544A61845D46407AB2F56F894CA26360|2023|0111|CULTIVO DE CEREALES Y OTROS CULTIVOS NCP|AGROPECUARIO|120303|JUNIN|CHANCHAMAYO|PICHANAQUI|6311250|48.77|1|2018|20260210
5507E5E2F7630CE14D5722158821F79A|2023|0140|ACTIVIDADES DE SERVICIOS AGRICOLAS Y GANADEROS, EXCEPTO LAS ACTIVIDADES VETERINARIAS|AGROPECUARIO|120303|JUNIN|CHANCHAMAYO|PICHANAQUI|15840000|123.31|12|2022|20260210
6A4F5AA31076C1AE2CD64482F3B185E7|2022|0111|CULTIVO DE CEREALES Y OTROS CULTIVOS NCP|AGROPECUARIO|120303|JUNIN|CHANCHAMAYO|PICHANAQUI|5865000|37.34|6|2006|20260210
7304F3057F6979DB19ECE6872FE65C78|2021|0111|CULTIVO DE CEREALES Y OTROS CULTIVOS NCP|AGROPECUARIO|120303|JUNIN|CHANCHAMAYO|PICHANAQUI|4400|60.900002|2|2018|20260210
7CC6F3E1FAF895405D996EECE25DFAB9|2024|0111|CULTIVO DE CEREALES Y OTROS CULTIVOS NCP|AGROPECUARIO|120303|JUNIN|CHANCHAMAYO|PICHANAQUI|3476250|48.07|1|2018|20260210
7CC6F3E1FAF895405D996EECE25DFAB9|2020|0111|CULTIVO DE CEREALES Y OTROS CULTIVOS NCP|AGROPECUARIO|120303|JUNIN|CHANCHAMAYO|PICHANAQUI|8600000|30.09|1|2018|20260210
7D85565978F4A86E45D3B22657F42925|2021|0111|CULTIVO DE CEREALES Y OTROS CULTIVOS NCP|AGROPECUARIO|120303|JUNIN|CHANCHAMAYO|PICHANAQUI|4400|116467.4|3|2019|20260210
7D85565978F4A86E45D3B22657F42925|2024|0111|CULTIVO DE CEREALES Y OTROS CULTIVOS NCP|AGROPECUARIO|120303|JUNIN|CHANCHAMAYO|PICHANAQUI|6566250|19.26|5|2019|20260210
7D85565978F4A86E45D3B22657F42925|2020|0111|CULTIVO DE CEREALES Y OTROS CULTIVOS NCP|AGROPECUARIO|120303|JUNIN|CHANCHAMAYO|PICHANAQUI|1720000|120190.56|1|2019|20260210
7D85565978F4A86E45D3B22657F42925|2022|0111|CULTIVO DE CEREALES Y OTROS CULTIVOS NCP|AGROPECUARIO|120303|JUNIN|CHANCHAMAYO|PICHANAQUI|5865000|55344.711|2|2019|20260210
7DDB4CF5FC1112C47FCE9345369BBFE1|2023|0113|CULTIVO DE FRUTAS, NUECES, PLANTAS CUYAS HOJAS O FRUTAS SE UTILIZAN PARA PREPARAR BEBIDAS, Y ESPECIAS|AGROPECUARIO|120303|JUNIN|CHANCHAMAYO|PICHANAQUI|4950|142.64999|1|2023|20260210
82EB2A30C8CAE81C4725DAC578D723DB|2024|0111|CULTIVO DE CEREALES Y OTROS CULTIVOS NCP|AGROPECUARIO|120303|JUNIN|CHANCHAMAYO|PICHANAQUI|6566250|12.78|5|2019|20260210
82EB2A30C8CAE81C4725DAC578D723DB|2023|0111|CULTIVO DE CEREALES Y OTROS CULTIVOS NCP|AGROPECUARIO|120303|JUNIN|CHANCHAMAYO|PICHANAQUI|9900000|26642.49|3|2019|20260210
82EB2A30C8CAE81C4725DAC578D723DB|2022|0111|CULTIVO DE CEREALES Y OTROS CULTIVOS NCP|AGROPECUARIO|120303|JUNIN|CHANCHAMAYO|PICHANAQUI|11960000|31.389999|4|2019|20260210
911C0C96C5D2BE5F9BD9BDB02AF84B08|2023|0111|CULTIVO DE CEREALES Y OTROS CULTIVOS NCP|AGROPECUARIO|120303|JUNIN|CHANCHAMAYO|PICHANAQUI|24750000|12.08|14|2020|20260210
A24077C824C43DE13D5EE281C3A50CDF|2020|0113|CULTIVO DE FRUTAS, NUECES, PLANTAS CUYAS HOJAS O FRUTAS SE UTILIZAN PARA PREPARAR BEBIDAS, Y ESPECIAS|AGROPECUARIO|120303|JUNIN|CHANCHAMAYO|PICHANAQUI|8600000|115182.6|11|2019|20260210
A24077C824C43DE13D5EE281C3A50CDF|2019|0113|CULTIVO DE FRUTAS, NUECES, PLANTAS CUYAS HOJAS O FRUTAS SE UTILIZAN PARA PREPARAR BEBIDAS, Y ESPECIAS|AGROPECUARIO|120303|JUNIN|CHANCHAMAYO|PICHANAQUI|525000|56.860001|4|2019|20260210
A24077C824C43DE13D5EE281C3A50CDF|2023|0113|CULTIVO DE FRUTAS, NUECES, PLANTAS CUYAS HOJAS O FRUTAS SE UTILIZAN PARA PREPARAR BEBIDAS, Y ESPECIAS|AGROPECUARIO|120303|JUNIN|CHANCHAMAYO|PICHANAQUI|6311250|35507.238|10|2019|20260210
A24077C824C43DE13D5EE281C3A50CDF|2021|0113|CULTIVO DE FRUTAS, NUECES, PLANTAS CUYAS HOJAS O FRUTAS SE UTILIZAN PARA PREPARAR BEBIDAS, Y ESPECIAS|AGROPECUARIO|120303|JUNIN|CHANCHAMAYO|PICHANAQUI|4400|111614.61|4|2019|20260210
A24077C824C43DE13D5EE281C3A50CDF|2022|0113|CULTIVO DE FRUTAS, NUECES, PLANTAS CUYAS HOJAS O FRUTAS SE UTILIZAN PARA PREPARAR BEBIDAS, Y ESPECIAS|AGROPECUARIO|120303|JUNIN|CHANCHAMAYO|PICHANAQUI|4600|57833.18|4|2019|20260210
AAE46B5ABCA0CF4835FE220AE62A375A|2023|0111|CULTIVO DE CEREALES Y OTROS CULTIVOS NCP|AGROPECUARIO|120303|JUNIN|CHANCHAMAYO|PICHANAQUI|188100|0.5|1|2022|20260210
CF57027FB5F03F7A4FA5CE2A1EEF4721|2020|0111|CULTIVO DE CEREALES Y OTROS CULTIVOS NCP|AGROPECUARIO|120303|JUNIN|CHANCHAMAYO|PICHANAQUI|17200|734452.5|1|1994|20260210
CF57027FB5F03F7A4FA5CE2A1EEF4721|2021|0111|CULTIVO DE CEREALES Y OTROS CULTIVOS NCP|AGROPECUARIO|120303|JUNIN|CHANCHAMAYO|PICHANAQUI|4400|943840.94|1|1994|20260210
CF57027FB5F03F7A4FA5CE2A1EEF4721|2022|0111|CULTIVO DE CEREALES Y OTROS CULTIVOS NCP|AGROPECUARIO|120303|JUNIN|CHANCHAMAYO|PICHANAQUI|4600|451443.34|1|1994|20260210
CF57027FB5F03F7A4FA5CE2A1EEF4721|2019|0111|CULTIVO DE CEREALES Y OTROS CULTIVOS NCP|AGROPECUARIO|120303|JUNIN|CHANCHAMAYO|PICHANAQUI|945000|392260.94|1|1994|20260210
CF69811E3570628EA0CB2D73C852A60B|2023|0111|CULTIVO DE CEREALES Y OTROS CULTIVOS NCP|AGROPECUARIO|120303|JUNIN|CHANCHAMAYO|PICHANAQUI|6311250|60460.199|2|2012|20260210
CF69811E3570628EA0CB2D73C852A60B|2020|0111|CULTIVO DE CEREALES Y OTROS CULTIVOS NCP|AGROPECUARIO|120303|JUNIN|CHANCHAMAYO|PICHANAQUI|5482500|200306.67|4|2012|20260210
CF69811E3570628EA0CB2D73C852A60B|2022|0111|CULTIVO DE CEREALES Y OTROS CULTIVOS NCP|AGROPECUARIO|120303|JUNIN|CHANCHAMAYO|PICHANAQUI|9200000|92325.039|4|2012|20260210
CF69811E3570628EA0CB2D73C852A60B|2021|0111|CULTIVO DE CEREALES Y OTROS CULTIVOS NCP|AGROPECUARIO|120303|JUNIN|CHANCHAMAYO|PICHANAQUI|4400|194342.84|6|2012|20260210
CF69811E3570628EA0CB2D73C852A60B|2024|0111|CULTIVO DE CEREALES Y OTROS CULTIVOS NCP|AGROPECUARIO|120303|JUNIN|CHANCHAMAYO|PICHANAQUI|6566250|4986.5801|2|2012|20260210
E13FA091091AC3FEF56060A57BD823F7|2024|5121|VENTA AL POR MAYOR DE MATERIAS PRIMAS AGROPECUARIAS Y DE ANIMALES VIVOS|COMERCIO|120303|JUNIN|CHANCHAMAYO|PICHANAQUI|5150|69.489998|1|2006|20260210
E13FA091091AC3FEF56060A57BD823F7|2023|5121|VENTA AL POR MAYOR DE MATERIAS PRIMAS AGROPECUARIAS Y DE ANIMALES VIVOS|COMERCIO|120303|JUNIN|CHANCHAMAYO|PICHANAQUI|44550|138.98|1|2006|20260210
F31C5BDE76925E6E7BB30F1F07794E10|2024|0130|CULTIVO DE PRODUCTOS AGRICOLAS EN COMBINACION CON LA CRIA DE ANIMALES (EXPLOTACION MIXTA)|AGROPECUARIO|120303|JUNIN|CHANCHAMAYO|PICHANAQUI|5150|34.84|1|2023|20260210
094BF8DB4682DC4D4B2FF00D1E28CE23|2020|0121|CRIA DE GANADO VACUNO Y DE OVEJAS, CABRAS, CABALLOS, ASNOS, MULAS Y BURDEGANOS CRIA DE GANADO LECHERO|AGROPECUARIO|110501|ICA|PISCO|PISCO|967500|18603.949|3|2009|20260210
094BF8DB4682DC4D4B2FF00D1E28CE23|2021|0121|CRIA DE GANADO VACUNO Y DE OVEJAS, CABRAS, CABALLOS, ASNOS, MULAS Y BURDEGANOS CRIA DE GANADO LECHERO|AGROPECUARIO|110501|ICA|PISCO|PISCO|990000|4225.4502|2|2009|20260210
A89A9F133C57DE3D6EF7E1E75EED7514|2024|0500|PESCA, EXPLOTACION DE CRIADEROS DE PECES Y GRANJAS PISCICOLAS ACTIVIDADES DE SERVICIOS RELACIONADAS CON LA PESCA|PESCA|110501|ICA|PISCO|PISCO|195700|64.510002|2|2017|20260210
1A6A6C418D6F6D733B298F1F6F153CFA|2022|0140|ACTIVIDADES DE SERVICIOS AGRICOLAS Y GANADEROS, EXCEPTO LAS ACTIVIDADES VETERINARIAS|AGROPECUARIO|200101|PIURA|PIURA|PIURA|4600|31.549999|1|2022|20260210
1A6A6C418D6F6D733B298F1F6F153CFA|2023|0140|ACTIVIDADES DE SERVICIOS AGRICOLAS Y GANADEROS, EXCEPTO LAS ACTIVIDADES VETERINARIAS|AGROPECUARIO|200101|PIURA|PIURA|PIURA|19800|180.56|1|2022|20260210
29AA136BF4CCE8E774C5DAE6AD7BF14E|2020|0111|CULTIVO DE CEREALES Y OTROS CULTIVOS NCP|AGROPECUARIO|200101|PIURA|PIURA|PIURA|4300|24.33|1|2014|20260210
29AA136BF4CCE8E774C5DAE6AD7BF14E|2022|0111|CULTIVO DE CEREALES Y OTROS CULTIVOS NCP|AGROPECUARIO|200101|PIURA|PIURA|PIURA|4600|36.720001|1|2014|20260210
7BCF91F908079079656C9E79CF26CF96|2024|0111|CULTIVO DE CEREALES Y OTROS CULTIVOS NCP|AGROPECUARIO|200101|PIURA|PIURA|PIURA|6566250|891120.0|76|2009|20260210
7BCF91F908079079656C9E79CF26CF96|2022|0111|CULTIVO DE CEREALES Y OTROS CULTIVOS NCP|AGROPECUARIO|200101|PIURA|PIURA|PIURA|3105000|533999.19|34|2009|20260210
7BCF91F908079079656C9E79CF26CF96|2021|0111|CULTIVO DE CEREALES Y OTROS CULTIVOS NCP|AGROPECUARIO|200101|PIURA|PIURA|PIURA|5610000|538026.13|52|2009|20260210
7BCF91F908079079656C9E79CF26CF96|2020|0111|CULTIVO DE CEREALES Y OTROS CULTIVOS NCP|AGROPECUARIO|200101|PIURA|PIURA|PIURA|5482500|1009773.6|56|2009|20260210
7BCF91F908079079656C9E79CF26CF96|2023|0111|CULTIVO DE CEREALES Y OTROS CULTIVOS NCP|AGROPECUARIO|200101|PIURA|PIURA|PIURA|3341250|298045.13|51|2009|20260210
7BCF91F908079079656C9E79CF26CF96|2019|0111|CULTIVO DE CEREALES Y OTROS CULTIVOS NCP|AGROPECUARIO|200101|PIURA|PIURA|PIURA|2835000|497100.0|36|2009|20260210
D37C79243B86C2A1E2BDB1AD9D2ABC3F|2024|6519|OTROS TIPOS DE INTERMEDIACION MONETARIA|SERVICIOS|200101|PIURA|PIURA|PIURA|56650000|58.34|1022|2016|20260210
E212F868E25343C466A21BCCF7C3742C|2023|6599|OTROS TIPOS DE INTERMEDIACION FINANCIERA NCP|SERVICIOS|200101|PIURA|PIURA|PIURA|4950|45020180.0|1|2006|20260210
E212F868E25343C466A21BCCF7C3742C|2021|6599|OTROS TIPOS DE INTERMEDIACION FINANCIERA NCP|SERVICIOS|200101|PIURA|PIURA|PIURA|4400|63229792.0|1|2006|20260210
E212F868E25343C466A21BCCF7C3742C|2022|6599|OTROS TIPOS DE INTERMEDIACION FINANCIERA NCP|SERVICIOS|200101|PIURA|PIURA|PIURA|4600|51272352.0|1|2006|20260210
E212F868E25343C466A21BCCF7C3742C|2020|6599|OTROS TIPOS DE INTERMEDIACION FINANCIERA NCP|SERVICIOS|200101|PIURA|PIURA|PIURA|87075000|40981152.0|218|2006|20260210
E212F868E25343C466A21BCCF7C3742C|2024|6599|OTROS TIPOS DE INTERMEDIACION FINANCIERA NCP|SERVICIOS|200101|PIURA|PIURA|PIURA|5150|48307856.0|1|2006|20260210
1F8EB3E9E0B251AA8D0619766DD0499A|2023|0113|CULTIVO DE FRUTAS, NUECES, PLANTAS CUYAS HOJAS O FRUTAS SE UTILIZAN PARA PREPARAR BEBIDAS, Y ESPECIAS|AGROPECUARIO|200607|PIURA|SULLANA|QUERECOTILLO|15840000|309788.44|72|2019|20260210
1F8EB3E9E0B251AA8D0619766DD0499A|2020|0113|CULTIVO DE FRUTAS, NUECES, PLANTAS CUYAS HOJAS O FRUTAS SE UTILIZAN PARA PREPARAR BEBIDAS, Y ESPECIAS|AGROPECUARIO|200607|PIURA|SULLANA|QUERECOTILLO|967500|300594.59|1|2019|20260210
1F8EB3E9E0B251AA8D0619766DD0499A|2022|0113|CULTIVO DE FRUTAS, NUECES, PLANTAS CUYAS HOJAS O FRUTAS SE UTILIZAN PARA PREPARAR BEBIDAS, Y ESPECIAS|AGROPECUARIO|200607|PIURA|SULLANA|QUERECOTILLO|9200000|297338.94|52|2019|20260210
1F8EB3E9E0B251AA8D0619766DD0499A|2024|0113|CULTIVO DE FRUTAS, NUECES, PLANTAS CUYAS HOJAS O FRUTAS SE UTILIZAN PARA PREPARAR BEBIDAS, Y ESPECIAS|AGROPECUARIO|200607|PIURA|SULLANA|QUERECOTILLO|2060000|295326.69|1|2019|20260210
1F8EB3E9E0B251AA8D0619766DD0499A|2021|0113|CULTIVO DE FRUTAS, NUECES, PLANTAS CUYAS HOJAS O FRUTAS SE UTILIZAN PARA PREPARAR BEBIDAS, Y ESPECIAS|AGROPECUARIO|200607|PIURA|SULLANA|QUERECOTILLO|4400|300077.16|1|2019|20260210
510B729426DDF8AB2312471004FE022A|2021|0113|CULTIVO DE FRUTAS, NUECES, PLANTAS CUYAS HOJAS O FRUTAS SE UTILIZAN PARA PREPARAR BEBIDAS, Y ESPECIAS|AGROPECUARIO|200607|PIURA|SULLANA|QUERECOTILLO|101200|54.389999|23|2020|20260210
510B729426DDF8AB2312471004FE022A|2023|0113|CULTIVO DE FRUTAS, NUECES, PLANTAS CUYAS HOJAS O FRUTAS SE UTILIZAN PARA PREPARAR BEBIDAS, Y ESPECIAS|AGROPECUARIO|200607|PIURA|SULLANA|QUERECOTILLO|1113750|168.10001|1|2020|20260210
510B729426DDF8AB2312471004FE022A|2024|0113|CULTIVO DE FRUTAS, NUECES, PLANTAS CUYAS HOJAS O FRUTAS SE UTILIZAN PARA PREPARAR BEBIDAS, Y ESPECIAS|AGROPECUARIO|200607|PIURA|SULLANA|QUERECOTILLO|324450|460.0|1|2020|20260210
510B729426DDF8AB2312471004FE022A|2022|0113|CULTIVO DE FRUTAS, NUECES, PLANTAS CUYAS HOJAS O FRUTAS SE UTILIZAN PARA PREPARAR BEBIDAS, Y ESPECIAS|AGROPECUARIO|200607|PIURA|SULLANA|QUERECOTILLO|1840000|19.07|11|2020|20260210
CCA54675DC675B9FC388B26AD9C6F8D7|2022|0113|CULTIVO DE FRUTAS, NUECES, PLANTAS CUYAS HOJAS O FRUTAS SE UTILIZAN PARA PREPARAR BEBIDAS, Y ESPECIAS|AGROPECUARIO|200607|PIURA|SULLANA|QUERECOTILLO|3105000|10.0|32|2018|20260210
CCA54675DC675B9FC388B26AD9C6F8D7|2020|0113|CULTIVO DE FRUTAS, NUECES, PLANTAS CUYAS HOJAS O FRUTAS SE UTILIZAN PARA PREPARAR BEBIDAS, Y ESPECIAS|AGROPECUARIO|200607|PIURA|SULLANA|QUERECOTILLO|2902500|192.02|35|2018|20260210
CCA54675DC675B9FC388B26AD9C6F8D7|2023|0113|CULTIVO DE FRUTAS, NUECES, PLANTAS CUYAS HOJAS O FRUTAS SE UTILIZAN PARA PREPARAR BEBIDAS, Y ESPECIAS|AGROPECUARIO|200607|PIURA|SULLANA|QUERECOTILLO|1113750|1354.1|1|2018|20260210
0D9B7C140202E5ACDC756304681C1FD1|2021|0113|CULTIVO DE FRUTAS, NUECES, PLANTAS CUYAS HOJAS O FRUTAS SE UTILIZAN PARA PREPARAR BEBIDAS, Y ESPECIAS|AGROPECUARIO|120607|JUNIN|SATIPO|RIO NEGRO|4400|65599.938|1|2009|20260210
0D9B7C140202E5ACDC756304681C1FD1|2020|0113|CULTIVO DE FRUTAS, NUECES, PLANTAS CUYAS HOJAS O FRUTAS SE UTILIZAN PARA PREPARAR BEBIDAS, Y ESPECIAS|AGROPECUARIO|120607|JUNIN|SATIPO|RIO NEGRO|4300|65599.938|1|2009|20260210
0D9B7C140202E5ACDC756304681C1FD1|2022|0113|CULTIVO DE FRUTAS, NUECES, PLANTAS CUYAS HOJAS O FRUTAS SE UTILIZAN PARA PREPARAR BEBIDAS, Y ESPECIAS|AGROPECUARIO|120607|JUNIN|SATIPO|RIO NEGRO|4600|32799.969|1|2009|20260210
322CCD61C9D569734000C02969BDC7C2|2023|0113|CULTIVO DE FRUTAS, NUECES, PLANTAS CUYAS HOJAS O FRUTAS SE UTILIZAN PARA PREPARAR BEBIDAS, Y ESPECIAS|AGROPECUARIO|120607|JUNIN|SATIPO|RIO NEGRO|4950|53.509998|1|2023|20260210
82368DB9B272F51E14DA05EAD1293FB3|2022|0113|CULTIVO DE FRUTAS, NUECES, PLANTAS CUYAS HOJAS O FRUTAS SE UTILIZAN PARA PREPARAR BEBIDAS, Y ESPECIAS|AGROPECUARIO|120607|JUNIN|SATIPO|RIO NEGRO|11960000|684721.75|7|2015|20260210
82368DB9B272F51E14DA05EAD1293FB3|2021|0113|CULTIVO DE FRUTAS, NUECES, PLANTAS CUYAS HOJAS O FRUTAS SE UTILIZAN PARA PREPARAR BEBIDAS, Y ESPECIAS|AGROPECUARIO|120607|JUNIN|SATIPO|RIO NEGRO|4400|1018792.2|9|2015|20260210
82368DB9B272F51E14DA05EAD1293FB3|2020|0113|CULTIVO DE FRUTAS, NUECES, PLANTAS CUYAS HOJAS O FRUTAS SE UTILIZAN PARA PREPARAR BEBIDAS, Y ESPECIAS|AGROPECUARIO|120607|JUNIN|SATIPO|RIO NEGRO|5482500|1061096.9|9|2015|20260210
82368DB9B272F51E14DA05EAD1293FB3|2023|0113|CULTIVO DE FRUTAS, NUECES, PLANTAS CUYAS HOJAS O FRUTAS SE UTILIZAN PARA PREPARAR BEBIDAS, Y ESPECIAS|AGROPECUARIO|120607|JUNIN|SATIPO|RIO NEGRO|9900000|636321.75|8|2015|20260210
916CB8534D225DFA4D47D2E27FD015BF|2022|0113|CULTIVO DE FRUTAS, NUECES, PLANTAS CUYAS HOJAS O FRUTAS SE UTILIZAN PARA PREPARAR BEBIDAS, Y ESPECIAS|AGROPECUARIO|120607|JUNIN|SATIPO|RIO NEGRO|1840000|109.74|1|2017|20260210
916CB8534D225DFA4D47D2E27FD015BF|2023|0113|CULTIVO DE FRUTAS, NUECES, PLANTAS CUYAS HOJAS O FRUTAS SE UTILIZAN PARA PREPARAR BEBIDAS, Y ESPECIAS|AGROPECUARIO|120607|JUNIN|SATIPO|RIO NEGRO|4950|64.599998|1|2017|20260210
A304BB6E19C2D038477AE7180273DE4F|2023|0113|CULTIVO DE FRUTAS, NUECES, PLANTAS CUYAS HOJAS O FRUTAS SE UTILIZAN PARA PREPARAR BEBIDAS, Y ESPECIAS|AGROPECUARIO|120607|JUNIN|SATIPO|RIO NEGRO|4950|127.83|1|2023|20260210
FFDA5A143B4E1081D44982BA42C15A2B|2022|0111|CULTIVO DE CEREALES Y OTROS CULTIVOS NCP|AGROPECUARIO|120607|JUNIN|SATIPO|RIO NEGRO|4600|688240.44|1|2006|20260210
FFDA5A143B4E1081D44982BA42C15A2B|2019|0111|CULTIVO DE CEREALES Y OTROS CULTIVOS NCP|AGROPECUARIO|120607|JUNIN|SATIPO|RIO NEGRO|2835000|688394.19|5|2006|20260210
FFDA5A143B4E1081D44982BA42C15A2B|2020|0111|CULTIVO DE CEREALES Y OTROS CULTIVOS NCP|AGROPECUARIO|120607|JUNIN|SATIPO|RIO NEGRO|38700|1376701.6|1|2006|20260210
FFDA5A143B4E1081D44982BA42C15A2B|2021|0111|CULTIVO DE CEREALES Y OTROS CULTIVOS NCP|AGROPECUARIO|120607|JUNIN|SATIPO|RIO NEGRO|4400|1376508.8|1|2006|20260210
0106A917BD7F70034A0ADFADA2328D25|2021|0111|CULTIVO DE CEREALES Y OTROS CULTIVOS NCP|AGROPECUARIO|220801|SAN MARTIN|RIOJA|RIOJA|4400|209780.48|1|2011|20260210
0106A917BD7F70034A0ADFADA2328D25|2020|0111|CULTIVO DE CEREALES Y OTROS CULTIVOS NCP|AGROPECUARIO|220801|SAN MARTIN|RIOJA|RIOJA|73100|209780.48|1|2011|20260210
0106A917BD7F70034A0ADFADA2328D25|2019|0111|CULTIVO DE CEREALES Y OTROS CULTIVOS NCP|AGROPECUARIO|220801|SAN MARTIN|RIOJA|RIOJA|4200|148714.19|1|2011|20260210
0106A917BD7F70034A0ADFADA2328D25|2022|0111|CULTIVO DE CEREALES Y OTROS CULTIVOS NCP|AGROPECUARIO|220801|SAN MARTIN|RIOJA|RIOJA|4600|83384.68|1|2011|20260210
989218B794845A08093CC7A21D94B0E6|2021|0113|CULTIVO DE FRUTAS, NUECES, PLANTAS CUYAS HOJAS O FRUTAS SE UTILIZAN PARA PREPARAR BEBIDAS, Y ESPECIAS|AGROPECUARIO|220801|SAN MARTIN|RIOJA|RIOJA|4400|41.110001|22|2015|20260210
1DB6192C69C0DF70DA8BE3E68335D324|2022|0111|CULTIVO DE CEREALES Y OTROS CULTIVOS NCP|AGROPECUARIO|060901|CAJAMARCA|SAN IGNACIO|SAN IGNACIO|50600000|2914590.8|90|1993|20260210
1DB6192C69C0DF70DA8BE3E68335D324|2023|0111|CULTIVO DE CEREALES Y OTROS CULTIVOS NCP|AGROPECUARIO|060901|CAJAMARCA|SAN IGNACIO|SAN IGNACIO|24750000|75.639999|111|1993|20260210
1DB6192C69C0DF70DA8BE3E68335D324|2019|0111|CULTIVO DE CEREALES Y OTROS CULTIVOS NCP|AGROPECUARIO|060901|CAJAMARCA|SAN IGNACIO|SAN IGNACIO|21000000|2915561.3|44|1993|20260210
1DB6192C69C0DF70DA8BE3E68335D324|2021|0111|CULTIVO DE CEREALES Y OTROS CULTIVOS NCP|AGROPECUARIO|060901|CAJAMARCA|SAN IGNACIO|SAN IGNACIO|11440000|4609392.5|88|1993|20260210
1DB6192C69C0DF70DA8BE3E68335D324|2020|0111|CULTIVO DE CEREALES Y OTROS CULTIVOS NCP|AGROPECUARIO|060901|CAJAMARCA|SAN IGNACIO|SAN IGNACIO|21500000|4737954.5|72|1993|20260210
465CC48C794E94B8874EDAC915BB403E|2024|0111|CULTIVO DE CEREALES Y OTROS CULTIVOS NCP|AGROPECUARIO|060901|CAJAMARCA|SAN IGNACIO|SAN IGNACIO|87550|64.510002|1|2023|20260210
4EF4EED1E9F6E9D2A83EBE47563A1924|2022|0140|ACTIVIDADES DE SERVICIOS AGRICOLAS Y GANADEROS, EXCEPTO LAS ACTIVIDADES VETERINARIAS|AGROPECUARIO|060901|CAJAMARCA|SAN IGNACIO|SAN IGNACIO|23000000|100964.53|22|2002|20260210
4EF4EED1E9F6E9D2A83EBE47563A1924|2020|0140|ACTIVIDADES DE SERVICIOS AGRICOLAS Y GANADEROS, EXCEPTO LAS ACTIVIDADES VETERINARIAS|AGROPECUARIO|060901|CAJAMARCA|SAN IGNACIO|SAN IGNACIO|11180000|300579.38|21|2002|20260210
4EF4EED1E9F6E9D2A83EBE47563A1924|2021|0140|ACTIVIDADES DE SERVICIOS AGRICOLAS Y GANADEROS, EXCEPTO LAS ACTIVIDADES VETERINARIAS|AGROPECUARIO|060901|CAJAMARCA|SAN IGNACIO|SAN IGNACIO|11440000|251713.8|20|2002|20260210
514ED2542EDF390A35868B8705619A44|2022|0130|CULTIVO DE PRODUCTOS AGRICOLAS EN COMBINACION CON LA CRIA DE ANIMALES (EXPLOTACION MIXTA)|AGROPECUARIO|060901|CAJAMARCA|SAN IGNACIO|SAN IGNACIO|11960000|20060.0|5|2021|20260210
514ED2542EDF390A35868B8705619A44|2024|0130|CULTIVO DE PRODUCTOS AGRICOLAS EN COMBINACION CON LA CRIA DE ANIMALES (EXPLOTACION MIXTA)|AGROPECUARIO|060901|CAJAMARCA|SAN IGNACIO|SAN IGNACIO|6566250|78463.344|6|2021|20260210
514ED2542EDF390A35868B8705619A44|2023|0130|CULTIVO DE PRODUCTOS AGRICOLAS EN COMBINACION CON LA CRIA DE ANIMALES (EXPLOTACION MIXTA)|AGROPECUARIO|060901|CAJAMARCA|SAN IGNACIO|SAN IGNACIO|1980000|71972.727|7|2021|20260210
514ED2542EDF390A35868B8705619A44|2021|1549|ELABORACION DE OTROS PRODUCTOS ALIMENTICIOS NCP|MANUFACTURA|060901|CAJAMARCA|SAN IGNACIO|SAN IGNACIO|4400|147.34|7|2021|20260210
6E448F543AD62AA084B8B7841AC3A47E|2019|0111|CULTIVO DE CEREALES Y OTROS CULTIVOS NCP|AGROPECUARIO|060901|CAJAMARCA|SAN IGNACIO|SAN IGNACIO|5355000|1098069.4|16|2003|20260210
6E448F543AD62AA084B8B7841AC3A47E|2020|0111|CULTIVO DE CEREALES Y OTROS CULTIVOS NCP|AGROPECUARIO|060901|CAJAMARCA|SAN IGNACIO|SAN IGNACIO|5482500|2382279.0|1|2003|20260210
6E448F543AD62AA084B8B7841AC3A47E|2021|0111|CULTIVO DE CEREALES Y OTROS CULTIVOS NCP|AGROPECUARIO|060901|CAJAMARCA|SAN IGNACIO|SAN IGNACIO|4400|2604188.3|3|2003|20260210
6E448F543AD62AA084B8B7841AC3A47E|2022|0111|CULTIVO DE CEREALES Y OTROS CULTIVOS NCP|AGROPECUARIO|060901|CAJAMARCA|SAN IGNACIO|SAN IGNACIO|4600|1249648.0|1|2003|20260210
8B653DA9E0A01CACEAD399FF908D3513|2023|6519|OTROS TIPOS DE INTERMEDIACION MONETARIA|SERVICIOS|060901|CAJAMARCA|SAN IGNACIO|SAN IGNACIO|435600|111888.42|9|2009|20260210
8B653DA9E0A01CACEAD399FF908D3513|2022|6519|OTROS TIPOS DE INTERMEDIACION MONETARIA|SERVICIOS|060901|CAJAMARCA|SAN IGNACIO|SAN IGNACIO|1035000|120000.0|14|2009|20260210
8B653DA9E0A01CACEAD399FF908D3513|2024|6519|OTROS TIPOS DE INTERMEDIACION MONETARIA|SERVICIOS|060901|CAJAMARCA|SAN IGNACIO|SAN IGNACIO|195700|19618.189|4|2009|20260210
8B653DA9E0A01CACEAD399FF908D3513|2019|6519|OTROS TIPOS DE INTERMEDIACION MONETARIA|SERVICIOS|060901|CAJAMARCA|SAN IGNACIO|SAN IGNACIO|71400|66265.289|12|2009|20260210
8B653DA9E0A01CACEAD399FF908D3513|2020|6519|OTROS TIPOS DE INTERMEDIACION MONETARIA|SERVICIOS|060901|CAJAMARCA|SAN IGNACIO|SAN IGNACIO|38700|114880.8|17|2009|20260210
B13879ED1590E253E8AA63C39F4A2BEE|2019|0111|CULTIVO DE CEREALES Y OTROS CULTIVOS NCP|AGROPECUARIO|060901|CAJAMARCA|SAN IGNACIO|SAN IGNACIO|21000000|683078.25|31|2000|20260210
B13879ED1590E253E8AA63C39F4A2BEE|2021|0111|CULTIVO DE CEREALES Y OTROS CULTIVOS NCP|AGROPECUARIO|060901|CAJAMARCA|SAN IGNACIO|SAN IGNACIO|11440000|3928233.3|47|2000|20260210
B13879ED1590E253E8AA63C39F4A2BEE|2020|0111|CULTIVO DE CEREALES Y OTROS CULTIVOS NCP|AGROPECUARIO|060901|CAJAMARCA|SAN IGNACIO|SAN IGNACIO|21500000|5526078.0|41|2000|20260210
B13879ED1590E253E8AA63C39F4A2BEE|2022|0111|CULTIVO DE CEREALES Y OTROS CULTIVOS NCP|AGROPECUARIO|060901|CAJAMARCA|SAN IGNACIO|SAN IGNACIO|50600000|1184391.8|42|2000|20260210
B13879ED1590E253E8AA63C39F4A2BEE|2023|0111|CULTIVO DE CEREALES Y OTROS CULTIVOS NCP|AGROPECUARIO|060901|CAJAMARCA|SAN IGNACIO|SAN IGNACIO|24750000|638905.31|39|2000|20260210
B13879ED1590E253E8AA63C39F4A2BEE|2024|0111|CULTIVO DE CEREALES Y OTROS CULTIVOS NCP|AGROPECUARIO|060901|CAJAMARCA|SAN IGNACIO|SAN IGNACIO|41200000|1209190.0|26|2000|20260210
D0DCAD7133206992B70E7525BABEA897|2023|0130|CULTIVO DE PRODUCTOS AGRICOLAS EN COMBINACION CON LA CRIA DE ANIMALES (EXPLOTACION MIXTA)|AGROPECUARIO|060901|CAJAMARCA|SAN IGNACIO|SAN IGNACIO|1980000|46071.77|1|2005|20260210
D0DCAD7133206992B70E7525BABEA897|2021|0130|CULTIVO DE PRODUCTOS AGRICOLAS EN COMBINACION CON LA CRIA DE ANIMALES (EXPLOTACION MIXTA)|AGROPECUARIO|060901|CAJAMARCA|SAN IGNACIO|SAN IGNACIO|4400|140196.42|1|2005|20260210
D0DCAD7133206992B70E7525BABEA897|2022|0130|CULTIVO DE PRODUCTOS AGRICOLAS EN COMBINACION CON LA CRIA DE ANIMALES (EXPLOTACION MIXTA)|AGROPECUARIO|060901|CAJAMARCA|SAN IGNACIO|SAN IGNACIO|289800|68841.023|1|2005|20260210
DE7278CBCF807EB7CE0ADFDFC8BAAC77|2024|0130|CULTIVO DE PRODUCTOS AGRICOLAS EN COMBINACION CON LA CRIA DE ANIMALES (EXPLOTACION MIXTA)|AGROPECUARIO|060901|CAJAMARCA|SAN IGNACIO|SAN IGNACIO|6566250|245000.0|25|2003|20260210
DE7278CBCF807EB7CE0ADFDFC8BAAC77|2019|0130|CULTIVO DE PRODUCTOS AGRICOLAS EN COMBINACION CON LA CRIA DE ANIMALES (EXPLOTACION MIXTA)|AGROPECUARIO|060901|CAJAMARCA|SAN IGNACIO|SAN IGNACIO|5355000|79950.0|12|2003|20260210
DE7278CBCF807EB7CE0ADFDFC8BAAC77|2023|0130|CULTIVO DE PRODUCTOS AGRICOLAS EN COMBINACION CON LA CRIA DE ANIMALES (EXPLOTACION MIXTA)|AGROPECUARIO|060901|CAJAMARCA|SAN IGNACIO|SAN IGNACIO|9900000|206466.16|21|2003|20260210
572E65F3F0714192E0ED798E4FB98C14|2019|6599|OTROS TIPOS DE INTERMEDIACION FINANCIERA NCP|SERVICIOS|150131|LIMA|LIMA|SAN ISIDRO|4200|664690.75|4|1993|20260210
572E65F3F0714192E0ED798E4FB98C14|2020|6599|OTROS TIPOS DE INTERMEDIACION FINANCIERA NCP|SERVICIOS|150131|LIMA|LIMA|SAN ISIDRO|17200|600059.06|8|1993|20260210
572E65F3F0714192E0ED798E4FB98C14|2021|6599|OTROS TIPOS DE INTERMEDIACION FINANCIERA NCP|SERVICIOS|150131|LIMA|LIMA|SAN ISIDRO|17600|317839.44|10|1993|20260210
8462FB794A822ED381FF89D7388F5C35|2023|6599|OTROS TIPOS DE INTERMEDIACION FINANCIERA NCP|SERVICIOS|150131|LIMA|LIMA|SAN ISIDRO|1980000|2448076.0|29|2009|20260210
8462FB794A822ED381FF89D7388F5C35|2022|6599|OTROS TIPOS DE INTERMEDIACION FINANCIERA NCP|SERVICIOS|150131|LIMA|LIMA|SAN ISIDRO|1035000|2120000.0|32|2009|20260210
AA789145E1B63585FACC364E3DB3C110|2021|6599|OTROS TIPOS DE INTERMEDIACION FINANCIERA NCP|SERVICIOS|150131|LIMA|LIMA|SAN ISIDRO|2970000|273551968.0|234|1993|20260210
AA789145E1B63585FACC364E3DB3C110|2020|6599|OTROS TIPOS DE INTERMEDIACION FINANCIERA NCP|SERVICIOS|150131|LIMA|LIMA|SAN ISIDRO|5482500|255463744.0|213|1993|20260210
AA789145E1B63585FACC364E3DB3C110|2023|6599|OTROS TIPOS DE INTERMEDIACION FINANCIERA NCP|SERVICIOS|150131|LIMA|LIMA|SAN ISIDRO|344024992|159530192.0|249|1993|20260210
AA789145E1B63585FACC364E3DB3C110|2024|6599|OTROS TIPOS DE INTERMEDIACION FINANCIERA NCP|SERVICIOS|150131|LIMA|LIMA|SAN ISIDRO|357924992|4338.4399|145|1993|20260210
AA789145E1B63585FACC364E3DB3C110|2019|6599|OTROS TIPOS DE INTERMEDIACION FINANCIERA NCP|SERVICIOS|150131|LIMA|LIMA|SAN ISIDRO|5355000|273093696.0|188|1993|20260210
AA789145E1B63585FACC364E3DB3C110|2022|6599|OTROS TIPOS DE INTERMEDIACION FINANCIERA NCP|SERVICIOS|150131|LIMA|LIMA|SAN ISIDRO|830300032|205825264.0|266|1993|20260210
BEEE34670CABDEE3E2DAEF510D6ECC47|2019|6519|OTROS TIPOS DE INTERMEDIACION MONETARIA|SERVICIOS|150131|LIMA|LIMA|SAN ISIDRO|4200|27.549999|1|2018|20260210
D8B8DE589F44AA1E109E44131F883B1E|2022|6599|OTROS TIPOS DE INTERMEDIACION FINANCIERA NCP|SERVICIOS|150131|LIMA|LIMA|SAN ISIDRO|575000|359.10001|133|2013|20260210
DA045E701B70D606BF5C2BCD3C3B3962|2022|6519|OTROS TIPOS DE INTERMEDIACION MONETARIA|SERVICIOS|150131|LIMA|LIMA|SAN ISIDRO|319700000|57053536.0|143|1993|20260210
DA045E701B70D606BF5C2BCD3C3B3962|2021|6519|OTROS TIPOS DE INTERMEDIACION MONETARIA|SERVICIOS|150131|LIMA|LIMA|SAN ISIDRO|11440000|107156608.0|144|1993|20260210
DA045E701B70D606BF5C2BCD3C3B3962|2024|6519|OTROS TIPOS DE INTERMEDIACION MONETARIA|SERVICIOS|150131|LIMA|LIMA|SAN ISIDRO|357924992|13679687.0|116|1993|20260210
DA045E701B70D606BF5C2BCD3C3B3962|2019|6599|OTROS TIPOS DE INTERMEDIACION FINANCIERA NCP|SERVICIOS|150131|LIMA|LIMA|SAN ISIDRO|8400000|69562816.0|141|1993|20260210
DA045E701B70D606BF5C2BCD3C3B3962|2023|6519|OTROS TIPOS DE INTERMEDIACION MONETARIA|SERVICIOS|150131|LIMA|LIMA|SAN ISIDRO|344024992|33315652.0|125|1993|20260210
DA045E701B70D606BF5C2BCD3C3B3962|2020|6599|OTROS TIPOS DE INTERMEDIACION FINANCIERA NCP|SERVICIOS|150131|LIMA|LIMA|SAN ISIDRO|11180000|85385104.0|141|1993|20260210
FD13A10BF70341DCA18C848826E91A7D|2019|6599|OTROS TIPOS DE INTERMEDIACION FINANCIERA NCP|SERVICIOS|150131|LIMA|LIMA|SAN ISIDRO|71400|81.82|61|2018|20260210
3C2E161E672C4A78418E618A4609F2BE|2022|0130|CULTIVO DE PRODUCTOS AGRICOLAS EN COMBINACION CON LA CRIA DE ANIMALES (EXPLOTACION MIXTA)|AGROPECUARIO|120304|JUNIN|CHANCHAMAYO|SAN LUIS DE SHUARO|174800|7.9699998|1|2009|20260210
3C2E161E672C4A78418E618A4609F2BE|2023|0130|CULTIVO DE PRODUCTOS AGRICOLAS EN COMBINACION CON LA CRIA DE ANIMALES (EXPLOTACION MIXTA)|AGROPECUARIO|120304|JUNIN|CHANCHAMAYO|SAN LUIS DE SHUARO|188100|200.7|1|2009|20260210
9ED4CE5DA34225F6EFBBEC364F76E110|2019|0113|CULTIVO DE FRUTAS, NUECES, PLANTAS CUYAS HOJAS O FRUTAS SE UTILIZAN PARA PREPARAR BEBIDAS, Y ESPECIAS|AGROPECUARIO|120304|JUNIN|CHANCHAMAYO|SAN LUIS DE SHUARO|2835000|229645.27|1|2002|20260210
9ED4CE5DA34225F6EFBBEC364F76E110|2020|0113|CULTIVO DE FRUTAS, NUECES, PLANTAS CUYAS HOJAS O FRUTAS SE UTILIZAN PARA PREPARAR BEBIDAS, Y ESPECIAS|AGROPECUARIO|120304|JUNIN|CHANCHAMAYO|SAN LUIS DE SHUARO|1720000|459290.53|2|2002|20260210
9ED4CE5DA34225F6EFBBEC364F76E110|2022|0113|CULTIVO DE FRUTAS, NUECES, PLANTAS CUYAS HOJAS O FRUTAS SE UTILIZAN PARA PREPARAR BEBIDAS, Y ESPECIAS|AGROPECUARIO|120304|JUNIN|CHANCHAMAYO|SAN LUIS DE SHUARO|4600|229645.27|1|2002|20260210
9ED4CE5DA34225F6EFBBEC364F76E110|2021|0113|CULTIVO DE FRUTAS, NUECES, PLANTAS CUYAS HOJAS O FRUTAS SE UTILIZAN PARA PREPARAR BEBIDAS, Y ESPECIAS|AGROPECUARIO|120304|JUNIN|CHANCHAMAYO|SAN LUIS DE SHUARO|4400|459290.53|1|2002|20260210
42BBEEC50BB6805A221438B718E130D6|2019|7129|ALQUILER DE OTROS TIPOS DE MAQUINARIA Y EQUIPO NCP|SERVICIOS|211105|PUNO|SAN ROMAN|SAN MIGUEL|369600|119.56|2|2010|20260210
5571B0281DF0B1D4C1588F07F0ADAA74|2022|7414|ACTIVIDADES DE ASESORAMIENTO EMPRESARIAL Y EN MATERIA DE GESTION|SERVICIOS|150136|LIMA|LIMA|SAN MIGUEL|9200000|180000.0|298|2015|20260210
5571B0281DF0B1D4C1588F07F0ADAA74|2023|7414|ACTIVIDADES DE ASESORAMIENTO EMPRESARIAL Y EN MATERIA DE GESTION|SERVICIOS|150136|LIMA|LIMA|SAN MIGUEL|9900000|181629.95|334|2015|20260210
5571B0281DF0B1D4C1588F07F0ADAA74|2024|7414|ACTIVIDADES DE ASESORAMIENTO EMPRESARIAL Y EN MATERIA DE GESTION|SERVICIOS|150136|LIMA|LIMA|SAN MIGUEL|10300000|121102.38|346|2015|20260210
E315CF5A5C5F5911130879558E137D9E|2024|5139|VENTA AL POR MAYOR DE OTROS ENSERES DOMESTICOS|COMERCIO|150136|LIMA|LIMA|SAN MIGUEL|5150|33.419998|1|2016|20260210
FB559C9B601EECAE54ADFC74F137D900|2023|7310|INVESTIGACIONES Y DESARROLLO EXPERIMENTAL EN EL CAMPO DE LAS CIENCIAS NATURALES Y LA INGENIERIA|SERVICIOS|061101|CAJAMARCA|SAN MIGUEL|SAN MIGUEL|4950|368.56|1|2016|20260210
04F0C1025E6F35471D69398D63EDA911|2021|6023|TRANSPORTE DE CARGA POR CARRETERA|SERVICIOS|080901|CUSCO|LA CONVENCION|SANTA ANA|4400|1653891.1|1|1993|20260210
04F0C1025E6F35471D69398D63EDA911|2020|6023|TRANSPORTE DE CARGA POR CARRETERA|SERVICIOS|080901|CUSCO|LA CONVENCION|SANTA ANA|38700|1510478.3|3|1993|20260210
04F0C1025E6F35471D69398D63EDA911|2022|6023|TRANSPORTE DE CARGA POR CARRETERA|SERVICIOS|080901|CUSCO|LA CONVENCION|SANTA ANA|404800|991314.44|1|1993|20260210
04F0C1025E6F35471D69398D63EDA911|2019|6023|TRANSPORTE DE CARGA POR CARRETERA|SERVICIOS|080901|CUSCO|LA CONVENCION|SANTA ANA|1680000|868864.94|1|1993|20260210
2C6AFE2C3970414C382800F36C45730B|2021|0113|CULTIVO DE FRUTAS, NUECES, PLANTAS CUYAS HOJAS O FRUTAS SE UTILIZAN PARA PREPARAR BEBIDAS, Y ESPECIAS|AGROPECUARIO|080901|CUSCO|LA CONVENCION|SANTA ANA|4400|955459.63|21|1993|20260210
2C6AFE2C3970414C382800F36C45730B|2019|0130|CULTIVO DE PRODUCTOS AGRICOLAS EN COMBINACION CON LA CRIA DE ANIMALES (EXPLOTACION MIXTA)|AGROPECUARIO|080901|CUSCO|LA CONVENCION|SANTA ANA|5355000|477729.81|14|1993|20260210
2C6AFE2C3970414C382800F36C45730B|2020|0130|CULTIVO DE PRODUCTOS AGRICOLAS EN COMBINACION CON LA CRIA DE ANIMALES (EXPLOTACION MIXTA)|AGROPECUARIO|080901|CUSCO|LA CONVENCION|SANTA ANA|5482500|764367.69|19|1993|20260210
2D56569FE8371B477BB923EF8727AEAB|2024|1543|ELABORACION DE CACAO Y CHOCOLATE Y DE PRODUCTOS DE CONFITERIA|MANUFACTURA|080901|CUSCO|LA CONVENCION|SANTA ANA|453200|4167.3501|4|1993|20260210
2D56569FE8371B477BB923EF8727AEAB|2020|1543|ELABORACION DE CACAO Y CHOCOLATE Y DE PRODUCTOS DE CONFITERIA|MANUFACTURA|080901|CUSCO|LA CONVENCION|SANTA ANA|967500|4822489.5|7|1993|20260210
2D56569FE8371B477BB923EF8727AEAB|2023|1543|ELABORACION DE CACAO Y CHOCOLATE Y DE PRODUCTOS DE CONFITERIA|MANUFACTURA|080901|CUSCO|LA CONVENCION|SANTA ANA|618750|7144.7202|6|1993|20260210
2D56569FE8371B477BB923EF8727AEAB|2021|1543|ELABORACION DE CACAO Y CHOCOLATE Y DE PRODUCTOS DE CONFITERIA|MANUFACTURA|080901|CUSCO|LA CONVENCION|SANTA ANA|39600|4801128.0|8|1993|20260210
2D56569FE8371B477BB923EF8727AEAB|2022|1543|ELABORACION DE CACAO Y CHOCOLATE Y DE PRODUCTOS DE CONFITERIA|MANUFACTURA|080901|CUSCO|LA CONVENCION|SANTA ANA|1840000|2332489.8|5|1993|20260210
2D56569FE8371B477BB923EF8727AEAB|2019|7010|ACTIVIDADES INMOBILIARIAS REALIZADAS CON BIENES PROPIOS O ARRENDADOS|SERVICIOS|080901|CUSCO|LA CONVENCION|SANTA ANA|369600|2441244.5|1|1993|20260210
339F493C50A2DC1A529E787DE8EB0060|2024|0113|CULTIVO DE FRUTAS, NUECES, PLANTAS CUYAS HOJAS O FRUTAS SE UTILIZAN PARA PREPARAR BEBIDAS, Y ESPECIAS|AGROPECUARIO|080901|CUSCO|LA CONVENCION|SANTA ANA|6566250|62731.961|37|1993|20260210
339F493C50A2DC1A529E787DE8EB0060|2020|0113|CULTIVO DE FRUTAS, NUECES, PLANTAS CUYAS HOJAS O FRUTAS SE UTILIZAN PARA PREPARAR BEBIDAS, Y ESPECIAS|AGROPECUARIO|080901|CUSCO|LA CONVENCION|SANTA ANA|5482500|302039.25|23|1993|20260210
339F493C50A2DC1A529E787DE8EB0060|2021|0113|CULTIVO DE FRUTAS, NUECES, PLANTAS CUYAS HOJAS O FRUTAS SE UTILIZAN PARA PREPARAR BEBIDAS, Y ESPECIAS|AGROPECUARIO|080901|CUSCO|LA CONVENCION|SANTA ANA|4400|215661.16|31|1993|20260210
339F493C50A2DC1A529E787DE8EB0060|2022|0113|CULTIVO DE FRUTAS, NUECES, PLANTAS CUYAS HOJAS O FRUTAS SE UTILIZAN PARA PREPARAR BEBIDAS, Y ESPECIAS|AGROPECUARIO|080901|CUSCO|LA CONVENCION|SANTA ANA|5865000|75645.969|24|1993|20260210
91FE4DB89A08E191C71414608277B19C|2022|5190|VENTA AL POR MAYOR DE OTROS PRODUCTOS|COMERCIO|080901|CUSCO|LA CONVENCION|SANTA ANA|9200000|9335636.0|45|1993|20260210
91FE4DB89A08E191C71414608277B19C|2020|5190|VENTA AL POR MAYOR DE OTROS PRODUCTOS|COMERCIO|080901|CUSCO|LA CONVENCION|SANTA ANA|8600000|25131988.0|52|1993|20260210
91FE4DB89A08E191C71414608277B19C|2023|5190|VENTA AL POR MAYOR DE OTROS PRODUCTOS|COMERCIO|080901|CUSCO|LA CONVENCION|SANTA ANA|6311250|15290259.0|40|1993|20260210
91FE4DB89A08E191C71414608277B19C|2024|5190|VENTA AL POR MAYOR DE OTROS PRODUCTOS|COMERCIO|080901|CUSCO|LA CONVENCION|SANTA ANA|25750000|1072754.1|35|1993|20260210
91FE4DB89A08E191C71414608277B19C|2019|5190|VENTA AL POR MAYOR DE OTROS PRODUCTOS|COMERCIO|080901|CUSCO|LA CONVENCION|SANTA ANA|8400000|12355686.0|35|1993|20260210
91FE4DB89A08E191C71414608277B19C|2021|5190|VENTA AL POR MAYOR DE OTROS PRODUCTOS|COMERCIO|080901|CUSCO|LA CONVENCION|SANTA ANA|990000|17821444.0|52|1993|20260210
99C5297D1C323CA7007ECDF503CA1483|2022|0130|CULTIVO DE PRODUCTOS AGRICOLAS EN COMBINACION CON LA CRIA DE ANIMALES (EXPLOTACION MIXTA)|AGROPECUARIO|080901|CUSCO|LA CONVENCION|SANTA ANA|1840000|17764.0|14|1993|20260210
99C5297D1C323CA7007ECDF503CA1483|2021|0130|CULTIVO DE PRODUCTOS AGRICOLAS EN COMBINACION CON LA CRIA DE ANIMALES (EXPLOTACION MIXTA)|AGROPECUARIO|080901|CUSCO|LA CONVENCION|SANTA ANA|4400|60746.328|31|1993|20260210
99C5297D1C323CA7007ECDF503CA1483|2020|0113|CULTIVO DE FRUTAS, NUECES, PLANTAS CUYAS HOJAS O FRUTAS SE UTILIZAN PARA PREPARAR BEBIDAS, Y ESPECIAS|AGROPECUARIO|080901|CUSCO|LA CONVENCION|SANTA ANA|967500|85077.039|17|1993|20260210
D5CF8EBACD9B5005A80665FAC569B939|2019|5190|VENTA AL POR MAYOR DE OTROS PRODUCTOS|COMERCIO|080901|CUSCO|LA CONVENCION|SANTA ANA|525000|85480.539|10|1993|20260210
D5CF8EBACD9B5005A80665FAC569B939|2020|5190|VENTA AL POR MAYOR DE OTROS PRODUCTOS|COMERCIO|080901|CUSCO|LA CONVENCION|SANTA ANA|270900|90956.82|16|1993|20260210
D5CF8EBACD9B5005A80665FAC569B939|2022|0130|CULTIVO DE PRODUCTOS AGRICOLAS EN COMBINACION CON LA CRIA DE ANIMALES (EXPLOTACION MIXTA)|AGROPECUARIO|080901|CUSCO|LA CONVENCION|SANTA ANA|575000|44.810001|10|1993|20260210
D5CF8EBACD9B5005A80665FAC569B939|2024|0130|CULTIVO DE PRODUCTOS AGRICOLAS EN COMBINACION CON LA CRIA DE ANIMALES (EXPLOTACION MIXTA)|AGROPECUARIO|080901|CUSCO|LA CONVENCION|SANTA ANA|195700|43.59|6|1993|20260210
D5CF8EBACD9B5005A80665FAC569B939|2023|0130|CULTIVO DE PRODUCTOS AGRICOLAS EN COMBINACION CON LA CRIA DE ANIMALES (EXPLOTACION MIXTA)|AGROPECUARIO|080901|CUSCO|LA CONVENCION|SANTA ANA|435600|87.18|6|1993|20260210
2D851855709991A35B7455B7F6BCE748|2022|6599|OTROS TIPOS DE INTERMEDIACION FINANCIERA NCP|SERVICIOS|080106|CUSCO|CUSCO|SANTIAGO|3105000|20536.711|59|2016|20260210
8D9CDD444587A0CC9B54CF67555FA7DF|2020|6599|OTROS TIPOS DE INTERMEDIACION FINANCIERA NCP|SERVICIOS|080106|CUSCO|CUSCO|SANTIAGO|4300|63738.52|11|2017|20260210
8D9CDD444587A0CC9B54CF67555FA7DF|2021|6599|OTROS TIPOS DE INTERMEDIACION FINANCIERA NCP|SERVICIOS|080106|CUSCO|CUSCO|SANTIAGO|4400|191135.34|24|2017|20260210
8D9CDD444587A0CC9B54CF67555FA7DF|2019|6599|OTROS TIPOS DE INTERMEDIACION FINANCIERA NCP|SERVICIOS|080106|CUSCO|CUSCO|SANTIAGO|4200|100000.0|16|2017|20260210
8D9CDD444587A0CC9B54CF67555FA7DF|2022|6599|OTROS TIPOS DE INTERMEDIACION FINANCIERA NCP|SERVICIOS|080106|CUSCO|CUSCO|SANTIAGO|1035000|184003.2|19|2017|20260210
DFFBED4A43CA01F69A6A0705D87EA076|2022|0112|CULTIVO DE HORTALIZAS Y LEGUMBRES, ESPECIALIDADES HORTICOLAS Y PRODUCTOS DE VIVERO|AGROPECUARIO|110111|ICA|ICA|SANTIAGO|174800|34985.18|1|1993|20260210
DFFBED4A43CA01F69A6A0705D87EA076|2024|0112|CULTIVO DE HORTALIZAS Y LEGUMBRES, ESPECIALIDADES HORTICOLAS Y PRODUCTOS DE VIVERO|AGROPECUARIO|110111|ICA|ICA|SANTIAGO|87550|35000.0|1|1993|20260210
DFFBED4A43CA01F69A6A0705D87EA076|2021|0112|CULTIVO DE HORTALIZAS Y LEGUMBRES, ESPECIALIDADES HORTICOLAS Y PRODUCTOS DE VIVERO|AGROPECUARIO|110111|ICA|ICA|SANTIAGO|101200|67757.703|3|1993|20260210
DFFBED4A43CA01F69A6A0705D87EA076|2019|0111|CULTIVO DE CEREALES Y OTROS CULTIVOS NCP|AGROPECUARIO|110111|ICA|ICA|SANTIAGO|71400|103509.0|3|1993|20260210
DFFBED4A43CA01F69A6A0705D87EA076|2020|0112|CULTIVO DE HORTALIZAS Y LEGUMBRES, ESPECIALIDADES HORTICOLAS Y PRODUCTOS DE VIVERO|AGROPECUARIO|110111|ICA|ICA|SANTIAGO|98900|92701.781|3|1993|20260210
DFFBED4A43CA01F69A6A0705D87EA076|2023|0112|CULTIVO DE HORTALIZAS Y LEGUMBRES, ESPECIALIDADES HORTICOLAS Y PRODUCTOS DE VIVERO|AGROPECUARIO|110111|ICA|ICA|SANTIAGO|311850|42841.98|1|1993|20260210
6EF5DC245B05F881BE6E4FB3E97988A0|2024|6519|OTROS TIPOS DE INTERMEDIACION MONETARIA|SERVICIOS|150140|LIMA|LIMA|SANTIAGO DE SURCO|20600|134.00999|3|2019|20260210
B468FEDD575F6EE18E94DC369593296F|2021|7491|OBTENCION Y DOTACION DE PERSONAL|SERVICIOS|150140|LIMA|LIMA|SANTIAGO DE SURCO|4400|11891.1|1|2006|20260210
B468FEDD575F6EE18E94DC369593296F|2020|7491|OBTENCION Y DOTACION DE PERSONAL|SERVICIOS|150140|LIMA|LIMA|SANTIAGO DE SURCO|4300|11891.1|1|2006|20260210
B468FEDD575F6EE18E94DC369593296F|2023|7491|OBTENCION Y DOTACION DE PERSONAL|SERVICIOS|150140|LIMA|LIMA|SANTIAGO DE SURCO|4950|11891.1|1|2006|20260210
B468FEDD575F6EE18E94DC369593296F|2024|7491|OBTENCION Y DOTACION DE PERSONAL|SERVICIOS|150140|LIMA|LIMA|SANTIAGO DE SURCO|5150|5945.5498|1|2006|20260210
B468FEDD575F6EE18E94DC369593296F|2022|7491|OBTENCION Y DOTACION DE PERSONAL|SERVICIOS|150140|LIMA|LIMA|SANTIAGO DE SURCO|4600|5945.5498|1|2006|20260210
C44C806CFD491EE2ECE08276C3C4F05F|2021|6599|OTROS TIPOS DE INTERMEDIACION FINANCIERA NCP|SERVICIOS|150140|LIMA|LIMA|SANTIAGO DE SURCO|39600|272531.03|36|2004|20260210
C44C806CFD491EE2ECE08276C3C4F05F|2019|6599|OTROS TIPOS DE INTERMEDIACION FINANCIERA NCP|SERVICIOS|150140|LIMA|LIMA|SANTIAGO DE SURCO|525000|8700000.0|46|2004|20260210
C44C806CFD491EE2ECE08276C3C4F05F|2024|6599|OTROS TIPOS DE INTERMEDIACION FINANCIERA NCP|SERVICIOS|150140|LIMA|LIMA|SANTIAGO DE SURCO|10300000|2201.75|38|2004|20260210
C44C806CFD491EE2ECE08276C3C4F05F|2023|6599|OTROS TIPOS DE INTERMEDIACION FINANCIERA NCP|SERVICIOS|150140|LIMA|LIMA|SANTIAGO DE SURCO|15840000|6182.2202|31|2004|20260210
C44C806CFD491EE2ECE08276C3C4F05F|2022|6599|OTROS TIPOS DE INTERMEDIACION FINANCIERA NCP|SERVICIOS|150140|LIMA|LIMA|SANTIAGO DE SURCO|23000000|102930.22|36|2004|20260210
C44C806CFD491EE2ECE08276C3C4F05F|2020|6599|OTROS TIPOS DE INTERMEDIACION FINANCIERA NCP|SERVICIOS|150140|LIMA|LIMA|SANTIAGO DE SURCO|378400|363473.69|32|2004|20260210
DCC2B2D146A493E98151CB91C2BD0380|2021|8021|ENSEÑANZA SECUNDARIA DE FORMACION GENERAL|SERVICIOS|150140|LIMA|LIMA|SANTIAGO DE SURCO|39600|676478.0|100|1993|20260210
DCC2B2D146A493E98151CB91C2BD0380|2020|8021|ENSEÑANZA SECUNDARIA DE FORMACION GENERAL|SERVICIOS|150140|LIMA|LIMA|SANTIAGO DE SURCO|163400|947540.0|116|1993|20260210
DCC2B2D146A493E98151CB91C2BD0380|2023|8021|ENSEÑANZA SECUNDARIA DE FORMACION GENERAL|SERVICIOS|150140|LIMA|LIMA|SANTIAGO DE SURCO|12870000|18694.891|132|1993|20260210
DCC2B2D146A493E98151CB91C2BD0380|2022|8021|ENSEÑANZA SECUNDARIA DE FORMACION GENERAL|SERVICIOS|150140|LIMA|LIMA|SANTIAGO DE SURCO|11960000|200038.3|125|1993|20260210
ABF95F5379FA49D7F404256AE515976E|2022|0111|CULTIVO DE CEREALES Y OTROS CULTIVOS NCP|AGROPECUARIO|220401|SAN MARTIN|HUALLAGA|SAPOSOA|11960000|171.63|2|2018|20260210
CC28F342D0895DA871FA08A918AC62E1|2020|0111|CULTIVO DE CEREALES Y OTROS CULTIVOS NCP|AGROPECUARIO|220401|SAN MARTIN|HUALLAGA|SAPOSOA|5482500|59.77|1|2015|20260210
D607DC5C490A005DB342054B16099F8F|2024|1543|ELABORACION DE CACAO Y CHOCOLATE Y DE PRODUCTOS DE CONFITERIA|MANUFACTURA|220401|SAN MARTIN|HUALLAGA|SAPOSOA|5150|85.93|1|2009|20260210
D607DC5C490A005DB342054B16099F8F|2019|1543|ELABORACION DE CACAO Y CHOCOLATE Y DE PRODUCTOS DE CONFITERIA|MANUFACTURA|220401|SAN MARTIN|HUALLAGA|SAPOSOA|5355000|7.77|17|2009|20260210
19D56023648A8A64AB4DBA5A41D1EE67|2020|0113|CULTIVO DE FRUTAS, NUECES, PLANTAS CUYAS HOJAS O FRUTAS SE UTILIZAN PARA PREPARAR BEBIDAS, Y ESPECIAS|AGROPECUARIO|120601|JUNIN|SATIPO|SATIPO|4300|161.07001|3|2019|20260210
2FA46B046A511A1773017121BD290396|2023|1543|ELABORACION DE CACAO Y CHOCOLATE Y DE PRODUCTOS DE CONFITERIA|MANUFACTURA|120601|JUNIN|SATIPO|SATIPO|4950|146.33|1|2019|20260210
5E2BC5987BF13CCB0A10A2F3EEDF709F|2023|0113|CULTIVO DE FRUTAS, NUECES, PLANTAS CUYAS HOJAS O FRUTAS SE UTILIZAN PARA PREPARAR BEBIDAS, Y ESPECIAS|AGROPECUARIO|120601|JUNIN|SATIPO|SATIPO|44550|64.269997|2|2018|20260210
6F62C0B39C75B24B43028A96951B73ED|2023|0113|CULTIVO DE FRUTAS, NUECES, PLANTAS CUYAS HOJAS O FRUTAS SE UTILIZAN PARA PREPARAR BEBIDAS, Y ESPECIAS|AGROPECUARIO|120601|JUNIN|SATIPO|SATIPO|9900000|125.01|20|1993|20260210
6F62C0B39C75B24B43028A96951B73ED|2022|0113|CULTIVO DE FRUTAS, NUECES, PLANTAS CUYAS HOJAS O FRUTAS SE UTILIZAN PARA PREPARAR BEBIDAS, Y ESPECIAS|AGROPECUARIO|120601|JUNIN|SATIPO|SATIPO|9200000|107.02|21|1993|20260210
751A909BAE41EED88A45904C4429AAF7|2023|5122|VENTA AL POR MAYOR DE ALIMENTOS, BEBIDAS Y TABACO|COMERCIO|120601|JUNIN|SATIPO|SATIPO|84150|146.33|1|2022|20260210
751A909BAE41EED88A45904C4429AAF7|2022|5122|VENTA AL POR MAYOR DE ALIMENTOS, BEBIDAS Y TABACO|COMERCIO|120601|JUNIN|SATIPO|SATIPO|4600|53.509998|1|2022|20260210
865B9B2F9F578A6CFDDFC7F71791BBB8|2022|0113|CULTIVO DE FRUTAS, NUECES, PLANTAS CUYAS HOJAS O FRUTAS SE UTILIZAN PARA PREPARAR BEBIDAS, Y ESPECIAS|AGROPECUARIO|120601|JUNIN|SATIPO|SATIPO|1035000|83242.023|1|2018|20260210
865B9B2F9F578A6CFDDFC7F71791BBB8|2021|0113|CULTIVO DE FRUTAS, NUECES, PLANTAS CUYAS HOJAS O FRUTAS SE UTILIZAN PARA PREPARAR BEBIDAS, Y ESPECIAS|AGROPECUARIO|120601|JUNIN|SATIPO|SATIPO|4400|207184.8|1|2018|20260210
865B9B2F9F578A6CFDDFC7F71791BBB8|2020|0113|CULTIVO DE FRUTAS, NUECES, PLANTAS CUYAS HOJAS O FRUTAS SE UTILIZAN PARA PREPARAR BEBIDAS, Y ESPECIAS|AGROPECUARIO|120601|JUNIN|SATIPO|SATIPO|967500|248153.33|2|2018|20260210
8FB5D063313358D5347BFB98D3615658|2020|5122|VENTA AL POR MAYOR DE ALIMENTOS, BEBIDAS Y TABACO|COMERCIO|120601|JUNIN|SATIPO|SATIPO|4300|620948.75|1|2011|20260210
8FB5D063313358D5347BFB98D3615658|2021|5122|VENTA AL POR MAYOR DE ALIMENTOS, BEBIDAS Y TABACO|COMERCIO|120601|JUNIN|SATIPO|SATIPO|4400|625563.38|1|2011|20260210
8FB5D063313358D5347BFB98D3615658|2024|5122|VENTA AL POR MAYOR DE ALIMENTOS, BEBIDAS Y TABACO|COMERCIO|120601|JUNIN|SATIPO|SATIPO|3476250|30.27|10|2011|20260210
8FB5D063313358D5347BFB98D3615658|2022|5122|VENTA AL POR MAYOR DE ALIMENTOS, BEBIDAS Y TABACO|COMERCIO|120601|JUNIN|SATIPO|SATIPO|289800|464288.97|16|2011|20260210
8FB5D063313358D5347BFB98D3615658|2023|5122|VENTA AL POR MAYOR DE ALIMENTOS, BEBIDAS Y TABACO|COMERCIO|120601|JUNIN|SATIPO|SATIPO|1113750|425801.13|8|2011|20260210
93F78C7F21CF5E2AC7FDB8AF019BD3E3|2019|0112|CULTIVO DE HORTALIZAS Y LEGUMBRES, ESPECIALIDADES HORTICOLAS Y PRODUCTOS DE VIVERO|AGROPECUARIO|120601|JUNIN|SATIPO|SATIPO|4200|34.919998|1|2016|20260210
AEA5712F22811611B5E266F63D90B1F2|2019|0113|CULTIVO DE FRUTAS, NUECES, PLANTAS CUYAS HOJAS O FRUTAS SE UTILIZAN PARA PREPARAR BEBIDAS, Y ESPECIAS|AGROPECUARIO|120601|JUNIN|SATIPO|SATIPO|945000|512438.91|1|2010|20260210
AEA5712F22811611B5E266F63D90B1F2|2021|0113|CULTIVO DE FRUTAS, NUECES, PLANTAS CUYAS HOJAS O FRUTAS SE UTILIZAN PARA PREPARAR BEBIDAS, Y ESPECIAS|AGROPECUARIO|120601|JUNIN|SATIPO|SATIPO|4400|1045810.4|1|2010|20260210
AEA5712F22811611B5E266F63D90B1F2|2020|0113|CULTIVO DE FRUTAS, NUECES, PLANTAS CUYAS HOJAS O FRUTAS SE UTILIZAN PARA PREPARAR BEBIDAS, Y ESPECIAS|AGROPECUARIO|120601|JUNIN|SATIPO|SATIPO|537500|1119794.4|6|2010|20260210
AEA5712F22811611B5E266F63D90B1F2|2022|0113|CULTIVO DE FRUTAS, NUECES, PLANTAS CUYAS HOJAS O FRUTAS SE UTILIZAN PARA PREPARAR BEBIDAS, Y ESPECIAS|AGROPECUARIO|120601|JUNIN|SATIPO|SATIPO|1840000|511221.34|1|2010|20260210
BA645DCEDC4E1AE1261731B91296C8A4|2020|0130|CULTIVO DE PRODUCTOS AGRICOLAS EN COMBINACION CON LA CRIA DE ANIMALES (EXPLOTACION MIXTA)|AGROPECUARIO|120601|JUNIN|SATIPO|SATIPO|17200|108.29|1|2015|20260210
CF5CA40260783CB33A038B3A299A808C|2023|0113|CULTIVO DE FRUTAS, NUECES, PLANTAS CUYAS HOJAS O FRUTAS SE UTILIZAN PARA PREPARAR BEBIDAS, Y ESPECIAS|AGROPECUARIO|120601|JUNIN|SATIPO|SATIPO|44550|143.71001|1|2023|20260210
0F6B50E191242BFB06F85682535B977D|2024|0111|CULTIVO DE CEREALES Y OTROS CULTIVOS NCP|AGROPECUARIO|220105|SAN MARTIN|MOYOBAMBA|SORITOR|25750000|1885919.0|21|2012|20260210
0F6B50E191242BFB06F85682535B977D|2022|0111|CULTIVO DE CEREALES Y OTROS CULTIVOS NCP|AGROPECUARIO|220105|SAN MARTIN|MOYOBAMBA|SORITOR|5865000|2108480.8|16|2012|20260210
0F6B50E191242BFB06F85682535B977D|2023|0111|CULTIVO DE CEREALES Y OTROS CULTIVOS NCP|AGROPECUARIO|220105|SAN MARTIN|MOYOBAMBA|SORITOR|15840000|1913006.8|1|2012|20260210
0F6B50E191242BFB06F85682535B977D|2020|0111|CULTIVO DE CEREALES Y OTROS CULTIVOS NCP|AGROPECUARIO|220105|SAN MARTIN|MOYOBAMBA|SORITOR|4300|730118.31|1|2012|20260210
0F6B50E191242BFB06F85682535B977D|2021|0111|CULTIVO DE CEREALES Y OTROS CULTIVOS NCP|AGROPECUARIO|220105|SAN MARTIN|MOYOBAMBA|SORITOR|4400|1252668.1|1|2012|20260210
8BECEC02F2FB839C784C312EAEC62C40|2021|0111|CULTIVO DE CEREALES Y OTROS CULTIVOS NCP|AGROPECUARIO|220105|SAN MARTIN|MOYOBAMBA|SORITOR|4400|722.28003|1|2008|20260210
8BECEC02F2FB839C784C312EAEC62C40|2022|0111|CULTIVO DE CEREALES Y OTROS CULTIVOS NCP|AGROPECUARIO|220105|SAN MARTIN|MOYOBAMBA|SORITOR|4600|518.01001|1|2008|20260210
8BECEC02F2FB839C784C312EAEC62C40|2023|0111|CULTIVO DE CEREALES Y OTROS CULTIVOS NCP|AGROPECUARIO|220105|SAN MARTIN|MOYOBAMBA|SORITOR|4950|1343.1|1|2008|20260210
8BECEC02F2FB839C784C312EAEC62C40|2020|0111|CULTIVO DE CEREALES Y OTROS CULTIVOS NCP|AGROPECUARIO|220105|SAN MARTIN|MOYOBAMBA|SORITOR|17200|262.66|1|2008|20260210
8BECEC02F2FB839C784C312EAEC62C40|2019|0111|CULTIVO DE CEREALES Y OTROS CULTIVOS NCP|AGROPECUARIO|220105|SAN MARTIN|MOYOBAMBA|SORITOR|945000|20704.02|1|2008|20260210
1D86C38FA030AD5CC0F9C038F1A23945|2023|0111|CULTIVO DE CEREALES Y OTROS CULTIVOS NCP|AGROPECUARIO|200601|PIURA|SULLANA|SULLANA|24750000|1571.83|242|2019|20260210
3439C5FBAAE028FAE3C51820BD3E5311|2021|0113|CULTIVO DE FRUTAS, NUECES, PLANTAS CUYAS HOJAS O FRUTAS SE UTILIZAN PARA PREPARAR BEBIDAS, Y ESPECIAS|AGROPECUARIO|200601|PIURA|SULLANA|SULLANA|4400|47.84|12|2014|20260210
3439C5FBAAE028FAE3C51820BD3E5311|2020|0113|CULTIVO DE FRUTAS, NUECES, PLANTAS CUYAS HOJAS O FRUTAS SE UTILIZAN PARA PREPARAR BEBIDAS, Y ESPECIAS|AGROPECUARIO|200601|PIURA|SULLANA|SULLANA|1720000|139.55|1|2014|20260210
3439C5FBAAE028FAE3C51820BD3E5311|2022|0113|CULTIVO DE FRUTAS, NUECES, PLANTAS CUYAS HOJAS O FRUTAS SE UTILIZAN PARA PREPARAR BEBIDAS, Y ESPECIAS|AGROPECUARIO|200601|PIURA|SULLANA|SULLANA|1840000|1141.45|1|2014|20260210
7D5B83B4100D1B611EF993FFCF51E746|2021|0113|CULTIVO DE FRUTAS, NUECES, PLANTAS CUYAS HOJAS O FRUTAS SE UTILIZAN PARA PREPARAR BEBIDAS, Y ESPECIAS|AGROPECUARIO|200601|PIURA|SULLANA|SULLANA|4400|160.0|1|2020|20260210
8963A9B8F475AF32835E82973EE0E305|2023|1513|ELABORACION Y CONSERVACION DE FRUTAS, LEGUMBRES Y HORTALIZAS|MANUFACTURA|200601|PIURA|SULLANA|SULLANA|3341250|63.540001|99|2018|20260210
9282D0E193CCBBDD7F1E9488D0C7BE07|2024|0113|CULTIVO DE FRUTAS, NUECES, PLANTAS CUYAS HOJAS O FRUTAS SE UTILIZAN PARA PREPARAR BEBIDAS, Y ESPECIAS|AGROPECUARIO|200601|PIURA|SULLANA|SULLANA|1158750|748.65997|1|2004|20260210
9282D0E193CCBBDD7F1E9488D0C7BE07|2019|0113|CULTIVO DE FRUTAS, NUECES, PLANTAS CUYAS HOJAS O FRUTAS SE UTILIZAN PARA PREPARAR BEBIDAS, Y ESPECIAS|AGROPECUARIO|200601|PIURA|SULLANA|SULLANA|5355000|209.14999|71|2004|20260210
9FEB2A97CFFC9F05524036144ACD7D3A|2020|0113|CULTIVO DE FRUTAS, NUECES, PLANTAS CUYAS HOJAS O FRUTAS SE UTILIZAN PARA PREPARAR BEBIDAS, Y ESPECIAS|AGROPECUARIO|200601|PIURA|SULLANA|SULLANA|5482500|257.17001|65|2008|20260210
A7141F6C62C19E490C8CD6B266E0D3BA|2022|1513|ELABORACION Y CONSERVACION DE FRUTAS, LEGUMBRES Y HORTALIZAS|MANUFACTURA|200601|PIURA|SULLANA|SULLANA|5865000|152004.02|159|2005|20260210
A7141F6C62C19E490C8CD6B266E0D3BA|2023|1513|ELABORACION Y CONSERVACION DE FRUTAS, LEGUMBRES Y HORTALIZAS|MANUFACTURA|200601|PIURA|SULLANA|SULLANA|3341250|133108.3|1|2005|20260210
A7141F6C62C19E490C8CD6B266E0D3BA|2021|1513|ELABORACION Y CONSERVACION DE FRUTAS, LEGUMBRES Y HORTALIZAS|MANUFACTURA|200601|PIURA|SULLANA|SULLANA|8800000|277625.88|174|2005|20260210
A7141F6C62C19E490C8CD6B266E0D3BA|2024|1513|ELABORACION Y CONSERVACION DE FRUTAS, LEGUMBRES Y HORTALIZAS|MANUFACTURA|200601|PIURA|SULLANA|SULLANA|2060000|126769.8|1|2005|20260210
A7141F6C62C19E490C8CD6B266E0D3BA|2020|1513|ELABORACION Y CONSERVACION DE FRUTAS, LEGUMBRES Y HORTALIZAS|MANUFACTURA|200601|PIURA|SULLANA|SULLANA|8600000|300270.13|152|2005|20260210
D041215D2FF5127C98EA5AB9F37F03A0|2020|0113|CULTIVO DE FRUTAS, NUECES, PLANTAS CUYAS HOJAS O FRUTAS SE UTILIZAN PARA PREPARAR BEBIDAS, Y ESPECIAS|AGROPECUARIO|200601|PIURA|SULLANA|SULLANA|537500|720.71997|1|2011|20260210
058B5BE7019A8525B2D375372FCA46AD|2021|5219|VENTA AL POR MENOR DE OTROS PRODUCTOS EN ALMACENES NO ESPECIALIZADOS|COMERCIO|150141|LIMA|LIMA|SURQUILLO|4400|215.34|5|2018|20260210
058B5BE7019A8525B2D375372FCA46AD|2022|5219|VENTA AL POR MENOR DE OTROS PRODUCTOS EN ALMACENES NO ESPECIALIZADOS|COMERCIO|150141|LIMA|LIMA|SURQUILLO|4600|97.669998|12|2018|20260210
058B5BE7019A8525B2D375372FCA46AD|2020|5219|VENTA AL POR MENOR DE OTROS PRODUCTOS EN ALMACENES NO ESPECIALIZADOS|COMERCIO|150141|LIMA|LIMA|SURQUILLO|4300|172.27|9|2018|20260210
905313CBD86A55917910D54432322EF2|2019|6599|OTROS TIPOS DE INTERMEDIACION FINANCIERA NCP|SERVICIOS|150141|LIMA|LIMA|SURQUILLO|2835000|2296.0701|151|1993|20260210
905313CBD86A55917910D54432322EF2|2022|6599|OTROS TIPOS DE INTERMEDIACION FINANCIERA NCP|SERVICIOS|150141|LIMA|LIMA|SURQUILLO|23000000|5291.2598|156|1993|20260210
905313CBD86A55917910D54432322EF2|2021|6599|OTROS TIPOS DE INTERMEDIACION FINANCIERA NCP|SERVICIOS|150141|LIMA|LIMA|SURQUILLO|4400|7062.71|148|1993|20260210
905313CBD86A55917910D54432322EF2|2020|6599|OTROS TIPOS DE INTERMEDIACION FINANCIERA NCP|SERVICIOS|150141|LIMA|LIMA|SURQUILLO|2902500|1773.38|154|1993|20260210
D8B8DE589F44AA1E109E44131F883B1E|2023|6599|OTROS TIPOS DE INTERMEDIACION FINANCIERA NCP|SERVICIOS|150141|LIMA|LIMA|SURQUILLO|6311250|445.10001|118|2013|20260210
D8B8DE589F44AA1E109E44131F883B1E|2024|6599|OTROS TIPOS DE INTERMEDIACION FINANCIERA NCP|SERVICIOS|150141|LIMA|LIMA|SURQUILLO|56650000|16.719999|120|2013|20260210
422CAD54BD57DE5F96D3AC82F3BB230A|2024|0111|CULTIVO DE CEREALES Y OTROS CULTIVOS NCP|AGROPECUARIO|060907|CAJAMARCA|SAN IGNACIO|TABACONAS|20600|211.59|1|2022|20260210
6F47F043AF8D7403C41E84C779A6A564|2022|0113|CULTIVO DE FRUTAS, NUECES, PLANTAS CUYAS HOJAS O FRUTAS SE UTILIZAN PARA PREPARAR BEBIDAS, Y ESPECIAS|AGROPECUARIO|060907|CAJAMARCA|SAN IGNACIO|TABACONAS|4600|751656.5|1|2008|20260210
6F47F043AF8D7403C41E84C779A6A564|2020|0113|CULTIVO DE FRUTAS, NUECES, PLANTAS CUYAS HOJAS O FRUTAS SE UTILIZAN PARA PREPARAR BEBIDAS, Y ESPECIAS|AGROPECUARIO|060907|CAJAMARCA|SAN IGNACIO|TABACONAS|4300|1437110.4|1|2008|20260210
6F47F043AF8D7403C41E84C779A6A564|2019|0113|CULTIVO DE FRUTAS, NUECES, PLANTAS CUYAS HOJAS O FRUTAS SE UTILIZAN PARA PREPARAR BEBIDAS, Y ESPECIAS|AGROPECUARIO|060907|CAJAMARCA|SAN IGNACIO|TABACONAS|4200|665972.25|1|2008|20260210
6F47F043AF8D7403C41E84C779A6A564|2023|0113|CULTIVO DE FRUTAS, NUECES, PLANTAS CUYAS HOJAS O FRUTAS SE UTILIZAN PARA PREPARAR BEBIDAS, Y ESPECIAS|AGROPECUARIO|060907|CAJAMARCA|SAN IGNACIO|TABACONAS|4950|108.3|1|2008|20260210
6F47F043AF8D7403C41E84C779A6A564|2021|0113|CULTIVO DE FRUTAS, NUECES, PLANTAS CUYAS HOJAS O FRUTAS SE UTILIZAN PARA PREPARAR BEBIDAS, Y ESPECIAS|AGROPECUARIO|060907|CAJAMARCA|SAN IGNACIO|TABACONAS|4400|1562544.8|1|2008|20260210
AC9C6CDBC77DF2B91393BDEF6F5F1A2E|2019|7499|OTRAS ACTIVIDADES EMPRESARIALES NCP|SERVICIOS|060907|CAJAMARCA|SAN IGNACIO|TABACONAS|525000|10000.0|4|2013|20260210
D0EBA9D1D90A2556E329F78A791F4899|2019|0111|CULTIVO DE CEREALES Y OTROS CULTIVOS NCP|AGROPECUARIO|060907|CAJAMARCA|SAN IGNACIO|TABACONAS|4200|343.92001|1|2012|20260210
D972A6172AB7018FFA1E6D092B14CCFC|2023|5122|VENTA AL POR MAYOR DE ALIMENTOS, BEBIDAS Y TABACO|COMERCIO|060907|CAJAMARCA|SAN IGNACIO|TABACONAS|4950|174.74001|1|2016|20260210
D972A6172AB7018FFA1E6D092B14CCFC|2022|5122|VENTA AL POR MAYOR DE ALIMENTOS, BEBIDAS Y TABACO|COMERCIO|060907|CAJAMARCA|SAN IGNACIO|TABACONAS|4600|28.85|1|2016|20260210
FE921495B754923F0A2F22657674C01C|2023|6519|OTROS TIPOS DE INTERMEDIACION MONETARIA|SERVICIOS|060907|CAJAMARCA|SAN IGNACIO|TABACONAS|4950|180.28|1|2016|20260210
FE921495B754923F0A2F22657674C01C|2022|6519|OTROS TIPOS DE INTERMEDIACION MONETARIA|SERVICIOS|060907|CAJAMARCA|SAN IGNACIO|TABACONAS|4600|24.6|1|2016|20260210
9F498FF007E65F11F5F260BE1B2595F3|2024|7414|ACTIVIDADES DE ASESORAMIENTO EMPRESARIAL Y EN MATERIA DE GESTION|SERVICIOS|230101|TACNA|TACNA|TACNA|643750|141528.63|14|2020|20260210
CFF3A0CC6044C473DAD1A03AB2B99B1E|2019|6021|OTROS TIPOS DE TRANSPORTE REGULAR DE PASAJEROS POR VIA TERRESTRE|SERVICIOS|230101|TACNA|TACNA|TACNA|945000|17022.24|12|1993|20260210
CFF3A0CC6044C473DAD1A03AB2B99B1E|2024|6021|OTROS TIPOS DE TRANSPORTE REGULAR DE PASAJEROS POR VIA TERRESTRE|SERVICIOS|230101|TACNA|TACNA|TACNA|453200|169126.52|13|1993|20260210
CFF3A0CC6044C473DAD1A03AB2B99B1E|2020|6021|OTROS TIPOS DE TRANSPORTE REGULAR DE PASAJEROS POR VIA TERRESTRE|SERVICIOS|230101|TACNA|TACNA|TACNA|163400|225784.3|2|1993|20260210
CFF3A0CC6044C473DAD1A03AB2B99B1E|2022|6021|OTROS TIPOS DE TRANSPORTE REGULAR DE PASAJEROS POR VIA TERRESTRE|SERVICIOS|230101|TACNA|TACNA|TACNA|174800|193166.19|14|1993|20260210
CFF3A0CC6044C473DAD1A03AB2B99B1E|2021|6021|OTROS TIPOS DE TRANSPORTE REGULAR DE PASAJEROS POR VIA TERRESTRE|SERVICIOS|230101|TACNA|TACNA|TACNA|167200|210831.81|8|1993|20260210
CFF3A0CC6044C473DAD1A03AB2B99B1E|2023|6021|OTROS TIPOS DE TRANSPORTE REGULAR DE PASAJEROS POR VIA TERRESTRE|SERVICIOS|230101|TACNA|TACNA|TACNA|618750|211809.13|12|1993|20260210
2D6848099333D9190710FB0EA73E0768|2019|0112|CULTIVO DE HORTALIZAS Y LEGUMBRES, ESPECIALIDADES HORTICOLAS Y PRODUCTOS DE VIVERO|AGROPECUARIO|200114|PIURA|PIURA|TAMBO GRANDE|264600|63000.0|1|2017|20260210
2D6848099333D9190710FB0EA73E0768|2022|0112|CULTIVO DE HORTALIZAS Y LEGUMBRES, ESPECIALIDADES HORTICOLAS Y PRODUCTOS DE VIVERO|AGROPECUARIO|200114|PIURA|PIURA|TAMBO GRANDE|4600|137021.66|1|2017|20260210
2D6848099333D9190710FB0EA73E0768|2023|0112|CULTIVO DE HORTALIZAS Y LEGUMBRES, ESPECIALIDADES HORTICOLAS Y PRODUCTOS DE VIVERO|AGROPECUARIO|200114|PIURA|PIURA|TAMBO GRANDE|4950|169858.63|1|2017|20260210
2D6848099333D9190710FB0EA73E0768|2020|0112|CULTIVO DE HORTALIZAS Y LEGUMBRES, ESPECIALIDADES HORTICOLAS Y PRODUCTOS DE VIVERO|AGROPECUARIO|200114|PIURA|PIURA|TAMBO GRANDE|270900|156801.66|1|2017|20260210
2D6848099333D9190710FB0EA73E0768|2024|0112|CULTIVO DE HORTALIZAS Y LEGUMBRES, ESPECIALIDADES HORTICOLAS Y PRODUCTOS DE VIVERO|AGROPECUARIO|200114|PIURA|PIURA|TAMBO GRANDE|5150|115789.53|1|2017|20260210
2D6848099333D9190710FB0EA73E0768|2021|0112|CULTIVO DE HORTALIZAS Y LEGUMBRES, ESPECIALIDADES HORTICOLAS Y PRODUCTOS DE VIVERO|AGROPECUARIO|200114|PIURA|PIURA|TAMBO GRANDE|4400|162005.7|1|2017|20260210
483C632E6B892CDAF428D463AABED89A|2021|1513|ELABORACION Y CONSERVACION DE FRUTAS, LEGUMBRES Y HORTALIZAS|MANUFACTURA|200114|PIURA|PIURA|TAMBO GRANDE|550000|1.05|82|2014|20260210
6B3A3CFC2E8E0D63ED8B5C5FEF6D2738|2020|0113|CULTIVO DE FRUTAS, NUECES, PLANTAS CUYAS HOJAS O FRUTAS SE UTILIZAN PARA PREPARAR BEBIDAS, Y ESPECIAS|AGROPECUARIO|200114|PIURA|PIURA|TAMBO GRANDE|270900|77.440002|12|2017|20260210
7CD75C26930A0CE2C22FD4BFA95D6B02|2023|1513|ELABORACION Y CONSERVACION DE FRUTAS, LEGUMBRES Y HORTALIZAS|MANUFACTURA|200114|PIURA|PIURA|TAMBO GRANDE|1113750|67.870003|3|2006|20260210
7CD75C26930A0CE2C22FD4BFA95D6B02|2024|1513|ELABORACION Y CONSERVACION DE FRUTAS, LEGUMBRES Y HORTALIZAS|MANUFACTURA|200114|PIURA|PIURA|TAMBO GRANDE|453200|50226.98|13|2006|20260210
ADCA2E20EC4650B9AD08C3B4A4E0F115|2024|0113|CULTIVO DE FRUTAS, NUECES, PLANTAS CUYAS HOJAS O FRUTAS SE UTILIZAN PARA PREPARAR BEBIDAS, Y ESPECIAS|AGROPECUARIO|200114|PIURA|PIURA|TAMBO GRANDE|2060000|41.509998|2|2010|20260210
ADCA2E20EC4650B9AD08C3B4A4E0F115|2022|0113|CULTIVO DE FRUTAS, NUECES, PLANTAS CUYAS HOJAS O FRUTAS SE UTILIZAN PARA PREPARAR BEBIDAS, Y ESPECIAS|AGROPECUARIO|200114|PIURA|PIURA|TAMBO GRANDE|3105000|170.39|13|2010|20260210
ADCA2E20EC4650B9AD08C3B4A4E0F115|2023|0113|CULTIVO DE FRUTAS, NUECES, PLANTAS CUYAS HOJAS O FRUTAS SE UTILIZAN PARA PREPARAR BEBIDAS, Y ESPECIAS|AGROPECUARIO|200114|PIURA|PIURA|TAMBO GRANDE|3341250|242.61|1|2010|20260210
C69A8BD9AC34C1571E79580C756F43DB|2021|1513|ELABORACION Y CONSERVACION DE FRUTAS, LEGUMBRES Y HORTALIZAS|MANUFACTURA|200114|PIURA|PIURA|TAMBO GRANDE|4400|105047.87|1|2007|20260210
C69A8BD9AC34C1571E79580C756F43DB|2020|1513|ELABORACION Y CONSERVACION DE FRUTAS, LEGUMBRES Y HORTALIZAS|MANUFACTURA|200114|PIURA|PIURA|TAMBO GRANDE|4300|208847.31|1|2007|20260210
C69A8BD9AC34C1571E79580C756F43DB|2022|1513|ELABORACION Y CONSERVACION DE FRUTAS, LEGUMBRES Y HORTALIZAS|MANUFACTURA|200114|PIURA|PIURA|TAMBO GRANDE|1840000|34863.879|47|2007|20260210
EF82E69726FC8B3CA715E6A9D5D9EEF4|2021|0113|CULTIVO DE FRUTAS, NUECES, PLANTAS CUYAS HOJAS O FRUTAS SE UTILIZAN PARA PREPARAR BEBIDAS, Y ESPECIAS|AGROPECUARIO|200114|PIURA|PIURA|TAMBO GRANDE|4400|80.25|1|2018|20260210
EF82E69726FC8B3CA715E6A9D5D9EEF4|2022|0113|CULTIVO DE FRUTAS, NUECES, PLANTAS CUYAS HOJAS O FRUTAS SE UTILIZAN PARA PREPARAR BEBIDAS, Y ESPECIAS|AGROPECUARIO|200114|PIURA|PIURA|TAMBO GRANDE|289800|64.199997|1|2018|20260210
F5253AAB33E41DC7614F726E7E8D8588|2024|0113|CULTIVO DE FRUTAS, NUECES, PLANTAS CUYAS HOJAS O FRUTAS SE UTILIZAN PARA PREPARAR BEBIDAS, Y ESPECIAS|AGROPECUARIO|200114|PIURA|PIURA|TAMBO GRANDE|3476250|10.0|25|2016|20260210
726139B8A6ED92964D5B18312096A7AE|2019|5122|VENTA AL POR MAYOR DE ALIMENTOS, BEBIDAS Y TABACO|COMERCIO|170101|MADRE DE DIOS|TAMBOPATA|TAMBOPATA|16800|5.2600002|1|2019|20260210
A754A56CDDCB3EA52B6B7DDD6E7645ED|2022|0113|CULTIVO DE FRUTAS, NUECES, PLANTAS CUYAS HOJAS O FRUTAS SE UTILIZAN PARA PREPARAR BEBIDAS, Y ESPECIAS|AGROPECUARIO|170101|MADRE DE DIOS|TAMBOPATA|TAMBOPATA|289800|49164.781|5|2015|20260210
A754A56CDDCB3EA52B6B7DDD6E7645ED|2020|0113|CULTIVO DE FRUTAS, NUECES, PLANTAS CUYAS HOJAS O FRUTAS SE UTILIZAN PARA PREPARAR BEBIDAS, Y ESPECIAS|AGROPECUARIO|170101|MADRE DE DIOS|TAMBOPATA|TAMBOPATA|17200|196138.02|1|2015|20260210
A754A56CDDCB3EA52B6B7DDD6E7645ED|2021|0113|CULTIVO DE FRUTAS, NUECES, PLANTAS CUYAS HOJAS O FRUTAS SE UTILIZAN PARA PREPARAR BEBIDAS, Y ESPECIAS|AGROPECUARIO|170101|MADRE DE DIOS|TAMBOPATA|TAMBOPATA|4400|148344.48|1|2015|20260210
B41346208ECEEA34CD6E94A747E4DD60|2020|0111|CULTIVO DE CEREALES Y OTROS CULTIVOS NCP|AGROPECUARIO|170101|MADRE DE DIOS|TAMBOPATA|TAMBOPATA|5482500|79429.273|23|2015|20260210
B41346208ECEEA34CD6E94A747E4DD60|2023|0111|CULTIVO DE CEREALES Y OTROS CULTIVOS NCP|AGROPECUARIO|170101|MADRE DE DIOS|TAMBOPATA|TAMBOPATA|1980000|16830.33|12|2015|20260210
B41346208ECEEA34CD6E94A747E4DD60|2021|0111|CULTIVO DE CEREALES Y OTROS CULTIVOS NCP|AGROPECUARIO|170101|MADRE DE DIOS|TAMBOPATA|TAMBOPATA|4400|73217.203|18|2015|20260210
B41346208ECEEA34CD6E94A747E4DD60|2022|0111|CULTIVO DE CEREALES Y OTROS CULTIVOS NCP|AGROPECUARIO|170101|MADRE DE DIOS|TAMBOPATA|TAMBOPATA|3105000|127674.03|25|2015|20260210
B41346208ECEEA34CD6E94A747E4DD60|2024|0111|CULTIVO DE CEREALES Y OTROS CULTIVOS NCP|AGROPECUARIO|170101|MADRE DE DIOS|TAMBOPATA|TAMBOPATA|2060000|84.199997|10|2015|20260210
0E45F788DEAF8335663A9201E74F37CE|2024|6519|OTROS TIPOS DE INTERMEDIACION MONETARIA|SERVICIOS|220901|SAN MARTIN|SAN MARTIN|TARAPOTO|6566250|55.509998|76|2016|20260210
0E45F788DEAF8335663A9201E74F37CE|2019|6519|OTROS TIPOS DE INTERMEDIACION MONETARIA|SERVICIOS|220901|SAN MARTIN|SAN MARTIN|TARAPOTO|16800|383117.25|52|2016|20260210
116F23010806C3F69D307783B860192F|2019|0113|CULTIVO DE FRUTAS, NUECES, PLANTAS CUYAS HOJAS O FRUTAS SE UTILIZAN PARA PREPARAR BEBIDAS, Y ESPECIAS|AGROPECUARIO|220901|SAN MARTIN|SAN MARTIN|TARAPOTO|37800|83.169998|1|2018|20260210
78ED09C6073071E3C3145559262258A0|2021|6592|OTROS TIPOS DE CREDITO|SERVICIOS|220901|SAN MARTIN|SAN MARTIN|TARAPOTO|4400|672280.0|26|2010|20260210
78ED09C6073071E3C3145559262258A0|2022|6592|OTROS TIPOS DE CREDITO|SERVICIOS|220901|SAN MARTIN|SAN MARTIN|TARAPOTO|1840000|132300.0|21|2010|20260210
C0FB28B162413E5B53E6AF3B9A0C0868|2022|0111|CULTIVO DE CEREALES Y OTROS CULTIVOS NCP|AGROPECUARIO|220901|SAN MARTIN|SAN MARTIN|TARAPOTO|4600|718230.31|12|2015|20260210
C0FB28B162413E5B53E6AF3B9A0C0868|2021|0111|CULTIVO DE CEREALES Y OTROS CULTIVOS NCP|AGROPECUARIO|220901|SAN MARTIN|SAN MARTIN|TARAPOTO|4400|760232.88|12|2015|20260210
C0FB28B162413E5B53E6AF3B9A0C0868|2020|0111|CULTIVO DE CEREALES Y OTROS CULTIVOS NCP|AGROPECUARIO|220901|SAN MARTIN|SAN MARTIN|TARAPOTO|5482500|759734.13|4|2015|20260210
F0F5136C4A32E44B139C9A01824DF0B3|2021|6599|OTROS TIPOS DE INTERMEDIACION FINANCIERA NCP|SERVICIOS|220901|SAN MARTIN|SAN MARTIN|TARAPOTO|4400|6816050.5|252|1993|20260210
F0F5136C4A32E44B139C9A01824DF0B3|2023|6599|OTROS TIPOS DE INTERMEDIACION FINANCIERA NCP|SERVICIOS|220901|SAN MARTIN|SAN MARTIN|TARAPOTO|100237504|580095.0|323|1993|20260210
F0F5136C4A32E44B139C9A01824DF0B3|2019|6599|OTROS TIPOS DE INTERMEDIACION FINANCIERA NCP|SERVICIOS|220901|SAN MARTIN|SAN MARTIN|TARAPOTO|2835000|574220.5|272|1993|20260210
F0F5136C4A32E44B139C9A01824DF0B3|2022|6599|OTROS TIPOS DE INTERMEDIACION FINANCIERA NCP|SERVICIOS|220901|SAN MARTIN|SAN MARTIN|TARAPOTO|50600000|3185733.0|314|1993|20260210
F0F5136C4A32E44B139C9A01824DF0B3|2020|6599|OTROS TIPOS DE INTERMEDIACION FINANCIERA NCP|SERVICIOS|220901|SAN MARTIN|SAN MARTIN|TARAPOTO|967500|11888499.0|241|1993|20260210
F0F5136C4A32E44B139C9A01824DF0B3|2024|6599|OTROS TIPOS DE INTERMEDIACION FINANCIERA NCP|SERVICIOS|220901|SAN MARTIN|SAN MARTIN|TARAPOTO|104287504|12615.91|341|1993|20260210
180F2CD809BB7E872AF768FF7D338D04|2020|0111|CULTIVO DE CEREALES Y OTROS CULTIVOS NCP|AGROPECUARIO|221001|SAN MARTIN|TOCACHE|TOCACHE|21500000|1307046.5|38|1993|20260210
180F2CD809BB7E872AF768FF7D338D04|2019|0111|CULTIVO DE CEREALES Y OTROS CULTIVOS NCP|AGROPECUARIO|221001|SAN MARTIN|TOCACHE|TOCACHE|21000000|799900.0|39|1993|20260210
180F2CD809BB7E872AF768FF7D338D04|2024|0111|CULTIVO DE CEREALES Y OTROS CULTIVOS NCP|AGROPECUARIO|221001|SAN MARTIN|TOCACHE|TOCACHE|3476250|717618.63|8|1993|20260210
180F2CD809BB7E872AF768FF7D338D04|2023|0111|CULTIVO DE CEREALES Y OTROS CULTIVOS NCP|AGROPECUARIO|221001|SAN MARTIN|TOCACHE|TOCACHE|3341250|1051807.5|13|1993|20260210
180F2CD809BB7E872AF768FF7D338D04|2022|0111|CULTIVO DE CEREALES Y OTROS CULTIVOS NCP|AGROPECUARIO|221001|SAN MARTIN|TOCACHE|TOCACHE|14720000|732618.06|21|1993|20260210
180F2CD809BB7E872AF768FF7D338D04|2021|0111|CULTIVO DE CEREALES Y OTROS CULTIVOS NCP|AGROPECUARIO|221001|SAN MARTIN|TOCACHE|TOCACHE|11440000|1232386.0|39|1993|20260210
95C02408E8EBD10D41FA56235265D7CC|2024|0140|ACTIVIDADES DE SERVICIOS AGRICOLAS Y GANADEROS, EXCEPTO LAS ACTIVIDADES VETERINARIAS|AGROPECUARIO|221001|SAN MARTIN|TOCACHE|TOCACHE|46350|104.65|3|2007|20260210
F9E873F3AF433C57F15BD0BFF18D6A6E|2023|0113|CULTIVO DE FRUTAS, NUECES, PLANTAS CUYAS HOJAS O FRUTAS SE UTILIZAN PARA PREPARAR BEBIDAS, Y ESPECIAS|AGROPECUARIO|221001|SAN MARTIN|TOCACHE|TOCACHE|1980000|168559.88|16|2014|20260210
F9E873F3AF433C57F15BD0BFF18D6A6E|2022|0113|CULTIVO DE FRUTAS, NUECES, PLANTAS CUYAS HOJAS O FRUTAS SE UTILIZAN PARA PREPARAR BEBIDAS, Y ESPECIAS|AGROPECUARIO|221001|SAN MARTIN|TOCACHE|TOCACHE|5865000|473499.03|21|2014|20260210
F9E873F3AF433C57F15BD0BFF18D6A6E|2021|0113|CULTIVO DE FRUTAS, NUECES, PLANTAS CUYAS HOJAS O FRUTAS SE UTILIZAN PARA PREPARAR BEBIDAS, Y ESPECIAS|AGROPECUARIO|221001|SAN MARTIN|TOCACHE|TOCACHE|11440000|1097050.1|10|2014|20260210
F9E873F3AF433C57F15BD0BFF18D6A6E|2020|0113|CULTIVO DE FRUTAS, NUECES, PLANTAS CUYAS HOJAS O FRUTAS SE UTILIZAN PARA PREPARAR BEBIDAS, Y ESPECIAS|AGROPECUARIO|221001|SAN MARTIN|TOCACHE|TOCACHE|11180000|1251002.6|15|2014|20260210
F9E873F3AF433C57F15BD0BFF18D6A6E|2024|0113|CULTIVO DE FRUTAS, NUECES, PLANTAS CUYAS HOJAS O FRUTAS SE UTILIZAN PARA PREPARAR BEBIDAS, Y ESPECIAS|AGROPECUARIO|221001|SAN MARTIN|TOCACHE|TOCACHE|13390000|5184.2402|19|2014|20260210
FF018F2062D2636CB6F6FEBD76E3333F|2023|0140|ACTIVIDADES DE SERVICIOS AGRICOLAS Y GANADEROS, EXCEPTO LAS ACTIVIDADES VETERINARIAS|AGROPECUARIO|221001|SAN MARTIN|TOCACHE|TOCACHE|24750000|494.0|47|1997|20260210
FF018F2062D2636CB6F6FEBD76E3333F|2024|0140|ACTIVIDADES DE SERVICIOS AGRICOLAS Y GANADEROS, EXCEPTO LAS ACTIVIDADES VETERINARIAS|AGROPECUARIO|221001|SAN MARTIN|TOCACHE|TOCACHE|25750000|4313.3501|50|1997|20260210
FF018F2062D2636CB6F6FEBD76E3333F|2022|0111|CULTIVO DE CEREALES Y OTROS CULTIVOS NCP|AGROPECUARIO|221001|SAN MARTIN|TOCACHE|TOCACHE|36800000|864192.94|82|1997|20260210
0B7E3C018D787F38E8C5FE5E8193FD8F|2024|6599|OTROS TIPOS DE INTERMEDIACION FINANCIERA NCP|SERVICIOS|130101|LA LIBERTAD|TRUJILLO|TRUJILLO|25750000|75.279999|195|1993|20260210
0B7E3C018D787F38E8C5FE5E8193FD8F|2022|6599|OTROS TIPOS DE INTERMEDIACION FINANCIERA NCP|SERVICIOS|130101|LA LIBERTAD|TRUJILLO|TRUJILLO|23000000|171.50999|198|1993|20260210
0B7E3C018D787F38E8C5FE5E8193FD8F|2021|6599|OTROS TIPOS DE INTERMEDIACION FINANCIERA NCP|SERVICIOS|130101|LA LIBERTAD|TRUJILLO|TRUJILLO|17600|120.72|188|1993|20260210
0B7E3C018D787F38E8C5FE5E8193FD8F|2023|6599|OTROS TIPOS DE INTERMEDIACION FINANCIERA NCP|SERVICIOS|130101|LA LIBERTAD|TRUJILLO|TRUJILLO|24750000|3656932.3|206|1993|20260210
315C375E3ED547A370BBAF62C18EF40B|2024|0113|CULTIVO DE FRUTAS, NUECES, PLANTAS CUYAS HOJAS O FRUTAS SE UTILIZAN PARA PREPARAR BEBIDAS, Y ESPECIAS|AGROPECUARIO|130101|LA LIBERTAD|TRUJILLO|TRUJILLO|5150|562518.44|1|2010|20260210
315C375E3ED547A370BBAF62C18EF40B|2023|0113|CULTIVO DE FRUTAS, NUECES, PLANTAS CUYAS HOJAS O FRUTAS SE UTILIZAN PARA PREPARAR BEBIDAS, Y ESPECIAS|AGROPECUARIO|130101|LA LIBERTAD|TRUJILLO|TRUJILLO|311850|613441.13|1|2010|20260210
3737685084037EA73AEB6A130F40A9FB|2021|5220|VENTA AL POR MENOR DE ALIMENTOS, BEBIDAS Y TABACO EN ALMACENES ESPECIALIZADOS|COMERCIO|130101|LA LIBERTAD|TRUJILLO|TRUJILLO|167200|184946.28|3|1993|20260210
3737685084037EA73AEB6A130F40A9FB|2022|5220|VENTA AL POR MENOR DE ALIMENTOS, BEBIDAS Y TABACO EN ALMACENES ESPECIALIZADOS|COMERCIO|130101|LA LIBERTAD|TRUJILLO|TRUJILLO|289800|128291.1|2|1993|20260210
3737685084037EA73AEB6A130F40A9FB|2020|5220|VENTA AL POR MENOR DE ALIMENTOS, BEBIDAS Y TABACO EN ALMACENES ESPECIALIZADOS|COMERCIO|130101|LA LIBERTAD|TRUJILLO|TRUJILLO|163400|233411.55|2|1993|20260210
3737685084037EA73AEB6A130F40A9FB|2023|5220|VENTA AL POR MENOR DE ALIMENTOS, BEBIDAS Y TABACO EN ALMACENES ESPECIALIZADOS|COMERCIO|130101|LA LIBERTAD|TRUJILLO|TRUJILLO|188100|75920.258|3|1993|20260210
3CDDDAAC1391A80F96724C9126D05572|2021|6519|OTROS TIPOS DE INTERMEDIACION MONETARIA|SERVICIOS|130101|LA LIBERTAD|TRUJILLO|TRUJILLO|550000|1550040.0|79|1993|20260210
3CDDDAAC1391A80F96724C9126D05572|2024|6519|OTROS TIPOS DE INTERMEDIACION MONETARIA|SERVICIOS|130101|LA LIBERTAD|TRUJILLO|TRUJILLO|3476250|3559662.5|64|1993|20260210
3CDDDAAC1391A80F96724C9126D05572|2023|6519|OTROS TIPOS DE INTERMEDIACION MONETARIA|SERVICIOS|130101|LA LIBERTAD|TRUJILLO|TRUJILLO|6311250|4061580.5|79|1993|20260210
3CDDDAAC1391A80F96724C9126D05572|2022|6519|OTROS TIPOS DE INTERMEDIACION MONETARIA|SERVICIOS|130101|LA LIBERTAD|TRUJILLO|TRUJILLO|9200000|280344.13|73|1993|20260210
3CDDDAAC1391A80F96724C9126D05572|2020|6519|OTROS TIPOS DE INTERMEDIACION MONETARIA|SERVICIOS|130101|LA LIBERTAD|TRUJILLO|TRUJILLO|537500|2205411.5|97|1993|20260210
E9E3E780800B4A84ABF91CB6914E743E|2024|8030|ENSEÑANZA SUPERIOR|SERVICIOS|130101|LA LIBERTAD|TRUJILLO|TRUJILLO|324450|18157.59|12|2016|20260210
E9E3E780800B4A84ABF91CB6914E743E|2023|8030|ENSEÑANZA SUPERIOR|SERVICIOS|130101|LA LIBERTAD|TRUJILLO|TRUJILLO|435600|114985.39|8|2016|20260210
E9E3E780800B4A84ABF91CB6914E743E|2022|8030|ENSEÑANZA SUPERIOR|SERVICIOS|130101|LA LIBERTAD|TRUJILLO|TRUJILLO|575000|161360.69|12|2016|20260210
105F4EFCFAC0659233781E469E6BAB2C|2020|0111|CULTIVO DE CEREALES Y OTROS CULTIVOS NCP|AGROPECUARIO|190307|PASCO|OXAPAMPA|VILLA RICA|21500000|201754.5|19|2013|20260210
105F4EFCFAC0659233781E469E6BAB2C|2019|0111|CULTIVO DE CEREALES Y OTROS CULTIVOS NCP|AGROPECUARIO|190307|PASCO|OXAPAMPA|VILLA RICA|13440000|99034.43|10|2013|20260210
105F4EFCFAC0659233781E469E6BAB2C|2021|0111|CULTIVO DE CEREALES Y OTROS CULTIVOS NCP|AGROPECUARIO|190307|PASCO|OXAPAMPA|VILLA RICA|11440000|162124.98|24|2013|20260210
105F4EFCFAC0659233781E469E6BAB2C|2022|0111|CULTIVO DE CEREALES Y OTROS CULTIVOS NCP|AGROPECUARIO|190307|PASCO|OXAPAMPA|VILLA RICA|9200000|359123.34|23|2013|20260210
105F4EFCFAC0659233781E469E6BAB2C|2023|0111|CULTIVO DE CEREALES Y OTROS CULTIVOS NCP|AGROPECUARIO|190307|PASCO|OXAPAMPA|VILLA RICA|12870000|311105.38|16|2013|20260210
105F4EFCFAC0659233781E469E6BAB2C|2024|0111|CULTIVO DE CEREALES Y OTROS CULTIVOS NCP|AGROPECUARIO|190307|PASCO|OXAPAMPA|VILLA RICA|13390000|119695.89|9|2013|20260210
1FE077C34FB9FD76D0CEA4FBB0CBC39E|2021|0130|CULTIVO DE PRODUCTOS AGRICOLAS EN COMBINACION CON LA CRIA DE ANIMALES (EXPLOTACION MIXTA)|AGROPECUARIO|190307|PASCO|OXAPAMPA|VILLA RICA|4400|139015.36|1|2007|20260210
1FE077C34FB9FD76D0CEA4FBB0CBC39E|2022|0130|CULTIVO DE PRODUCTOS AGRICOLAS EN COMBINACION CON LA CRIA DE ANIMALES (EXPLOTACION MIXTA)|AGROPECUARIO|190307|PASCO|OXAPAMPA|VILLA RICA|4600|69507.68|1|2007|20260210
1FE077C34FB9FD76D0CEA4FBB0CBC39E|2020|0130|CULTIVO DE PRODUCTOS AGRICOLAS EN COMBINACION CON LA CRIA DE ANIMALES (EXPLOTACION MIXTA)|AGROPECUARIO|190307|PASCO|OXAPAMPA|VILLA RICA|4300|139015.36|1|2007|20260210
8195B6EDA055F04CF50A491764A1B89C|2022|5121|VENTA AL POR MAYOR DE MATERIAS PRIMAS AGROPECUARIAS Y DE ANIMALES VIVOS|COMERCIO|190307|PASCO|OXAPAMPA|VILLA RICA|9200000|87371.023|16|2011|20260210
91B8DBEC5E3A4E67CD08920F164D0A0D|2019|0113|CULTIVO DE FRUTAS, NUECES, PLANTAS CUYAS HOJAS O FRUTAS SE UTILIZAN PARA PREPARAR BEBIDAS, Y ESPECIAS|AGROPECUARIO|190307|PASCO|OXAPAMPA|VILLA RICA|4200|13.7|1|2017|20260210
91B8DBEC5E3A4E67CD08920F164D0A0D|2020|0113|CULTIVO DE FRUTAS, NUECES, PLANTAS CUYAS HOJAS O FRUTAS SE UTILIZAN PARA PREPARAR BEBIDAS, Y ESPECIAS|AGROPECUARIO|190307|PASCO|OXAPAMPA|VILLA RICA|1720000|32093.641|4|2017|20260210
91B8DBEC5E3A4E67CD08920F164D0A0D|2024|0113|CULTIVO DE FRUTAS, NUECES, PLANTAS CUYAS HOJAS O FRUTAS SE UTILIZAN PARA PREPARAR BEBIDAS, Y ESPECIAS|AGROPECUARIO|190307|PASCO|OXAPAMPA|VILLA RICA|1158750|74.669998|2|2017|20260210
8107169E8C68BE45E7E33AFC6A62BF93|2023|6599|OTROS TIPOS DE INTERMEDIACION FINANCIERA NCP|SERVICIOS|080108|CUSCO|CUSCO|WANCHAQ|4950|444.70001|1|2016|20260210
8107169E8C68BE45E7E33AFC6A62BF93|2022|6599|OTROS TIPOS DE INTERMEDIACION FINANCIERA NCP|SERVICIOS|080108|CUSCO|CUSCO|WANCHAQ|4600|189.34|1|2016|20260210
84011209ABBBF72DF54534E86D8B3315|2022|6592|OTROS TIPOS DE CREDITO|SERVICIOS|080108|CUSCO|CUSCO|WANCHAQ|3105000|920257.44|13|2005|20260210
84011209ABBBF72DF54534E86D8B3315|2023|6592|OTROS TIPOS DE CREDITO|SERVICIOS|080108|CUSCO|CUSCO|WANCHAQ|1113750|259795.5|13|2005|20260210
84011209ABBBF72DF54534E86D8B3315|2021|6592|OTROS TIPOS DE CREDITO|SERVICIOS|080108|CUSCO|CUSCO|WANCHAQ|167200|1515038.0|21|2005|20260210
A8B9442E4840272516B2827647C5F853|2022|5240|VENTA AL POR MENOR EN ALMACENES DE ARTICULOS USADOS|COMERCIO|080108|CUSCO|CUSCO|WANCHAQ|575000|56101.461|24|2016|20260210
A8B9442E4840272516B2827647C5F853|2023|5240|VENTA AL POR MENOR EN ALMACENES DE ARTICULOS USADOS|COMERCIO|080108|CUSCO|CUSCO|WANCHAQ|44550|58249.82|6|2016|20260210
